method_id,method_name,params,dataset_name,grid_length,feature_name,aggregate_func,is_valid
39846,idw,n_closest_points:5,Caledonian,10.0,SiO2,mean,True
39847,idw,n_closest_points:5,Caledonian,10.0,TiO2,mean,True
39848,idw,n_closest_points:5,Caledonian,10.0,Al2O3,mean,True
39849,idw,n_closest_points:5,Caledonian,10.0,Fe2O3,mean,True
39850,idw,n_closest_points:5,Caledonian,10.0,FeO,mean,True
39851,idw,n_closest_points:5,Caledonian,10.0,Fe2O3T,mean,True
39852,idw,n_closest_points:5,Caledonian,10.0,FeOT,mean,True
39853,idw,n_closest_points:5,Caledonian,10.0,MnO,mean,True
39854,idw,n_closest_points:5,Caledonian,10.0,MgO,mean,True
39855,idw,n_closest_points:5,Caledonian,10.0,CaO,mean,True
39856,idw,n_closest_points:5,Caledonian,10.0,Na2O,mean,True
39857,idw,n_closest_points:5,Caledonian,10.0,K2O,mean,True
39858,idw,n_closest_points:5,Caledonian,10.0,P2O5,mean,True
39859,idw,n_closest_points:5,Caledonian,10.0,CO2,mean,True
39860,idw,n_closest_points:5,Caledonian,10.0,SO3,mean,True
39861,idw,n_closest_points:5,Caledonian,10.0,F,mean,True
39862,idw,n_closest_points:5,Caledonian,10.0,LOI,mean,True
39863,idw,n_closest_points:5,Caledonian,10.0,La,mean,True
39864,idw,n_closest_points:5,Caledonian,10.0,Ce,mean,True
39865,idw,n_closest_points:5,Caledonian,10.0,Pr,mean,True
39866,idw,n_closest_points:5,Caledonian,10.0,Nd,mean,True
39867,idw,n_closest_points:5,Caledonian,10.0,Sm,mean,True
39868,idw,n_closest_points:5,Caledonian,10.0,Eu,mean,True
39869,idw,n_closest_points:5,Caledonian,10.0,Gd,mean,True
39870,idw,n_closest_points:5,Caledonian,10.0,Tb,mean,True
39871,idw,n_closest_points:5,Caledonian,10.0,Dy,mean,True
39872,idw,n_closest_points:5,Caledonian,10.0,Ho,mean,True
39873,idw,n_closest_points:5,Caledonian,10.0,Er,mean,True
39874,idw,n_closest_points:5,Caledonian,10.0,Tm,mean,True
39875,idw,n_closest_points:5,Caledonian,10.0,Yb,mean,True
39876,idw,n_closest_points:5,Caledonian,10.0,Lu,mean,True
39877,idw,n_closest_points:5,Caledonian,10.0,Y,mean,True
39878,idw,n_closest_points:5,Caledonian,10.0,Sc,mean,True
39879,idw,n_closest_points:5,Caledonian,10.0,V,mean,True
39880,idw,n_closest_points:5,Caledonian,10.0,Cr,mean,True
39881,idw,n_closest_points:5,Caledonian,10.0,Co,mean,True
39882,idw,n_closest_points:5,Caledonian,10.0,Ni,mean,True
39883,idw,n_closest_points:5,Caledonian,10.0,Mn,mean,True
39884,idw,n_closest_points:5,Caledonian,10.0,Cu,mean,True
39885,idw,n_closest_points:5,Caledonian,10.0,Zn,mean,True
39886,idw,n_closest_points:5,Caledonian,10.0,Ga,mean,True
39887,idw,n_closest_points:5,Caledonian,10.0,Ge,mean,True
39888,idw,n_closest_points:5,Caledonian,10.0,Cs,mean,True
39889,idw,n_closest_points:5,Caledonian,10.0,Rb,mean,True
39890,idw,n_closest_points:5,Caledonian,10.0,Ba,mean,True
39891,idw,n_closest_points:5,Caledonian,10.0,Th,mean,True
39892,idw,n_closest_points:5,Caledonian,10.0,U,mean,True
39893,idw,n_closest_points:5,Caledonian,10.0,Nb,mean,True
39894,idw,n_closest_points:5,Caledonian,10.0,Ta,mean,True
39895,idw,n_closest_points:5,Caledonian,10.0,Ti,mean,True
39896,idw,n_closest_points:5,Caledonian,10.0,Pb,mean,True
39897,idw,n_closest_points:5,Caledonian,10.0,Sr,mean,True
39898,idw,n_closest_points:5,Caledonian,10.0,Zr,mean,True
39899,idw,n_closest_points:5,Caledonian,10.0,Hf,mean,True
39900,idw,n_closest_points:5,Caledonian,10.0,Li,mean,True
39901,idw,n_closest_points:5,Caledonian,10.0,Be,mean,True
39902,idw,n_closest_points:5,Caledonian,10.0,W,mean,True
39903,idw,n_closest_points:5,Caledonian,10.0,Pt,mean,True
39904,idw,n_closest_points:5,Caledonian,10.0,Os,mean,True
39905,idw,n_closest_points:5,Caledonian,10.0,Ir,mean,True
39906,idw,n_closest_points:5,Caledonian,10.0,Ru,mean,True
39907,idw,n_closest_points:5,Caledonian,10.0,Rh,mean,True
39908,idw,n_closest_points:5,Caledonian,10.0,Sn,mean,True
39909,idw,n_closest_points:5,Caledonian,10.0,Mo,mean,True
39910,idw,n_closest_points:5,Caledonian,10.0,87Sr/86Sr(m),mean,True
39911,idw,n_closest_points:5,Caledonian,10.0,143Nd/144Nd(m),mean,True
39914,idw,n_closest_points:5,Caledonian,10.0,206Pb/204Pb(m),mean,True
39820,krige,"n_closest_points,variogram_model:5,linear",Caledonian,10.0,Rb,mean,True
39777,krige,"n_closest_points,variogram_model:5,linear",Caledonian,10.0,SiO2,mean,True
39778,krige,"n_closest_points,variogram_model:5,linear",Caledonian,10.0,TiO2,mean,True
39779,krige,"n_closest_points,variogram_model:5,linear",Caledonian,10.0,Al2O3,mean,True
39780,krige,"n_closest_points,variogram_model:5,linear",Caledonian,10.0,Fe2O3,mean,True
39781,krige,"n_closest_points,variogram_model:5,linear",Caledonian,10.0,FeO,mean,True
39782,krige,"n_closest_points,variogram_model:5,linear",Caledonian,10.0,Fe2O3T,mean,True
39783,krige,"n_closest_points,variogram_model:5,linear",Caledonian,10.0,FeOT,mean,True
39784,krige,"n_closest_points,variogram_model:5,linear",Caledonian,10.0,MnO,mean,True
39785,krige,"n_closest_points,variogram_model:5,linear",Caledonian,10.0,MgO,mean,True
39786,krige,"n_closest_points,variogram_model:5,linear",Caledonian,10.0,CaO,mean,True
39787,krige,"n_closest_points,variogram_model:5,linear",Caledonian,10.0,Na2O,mean,True
39788,krige,"n_closest_points,variogram_model:5,linear",Caledonian,10.0,K2O,mean,True
39789,krige,"n_closest_points,variogram_model:5,linear",Caledonian,10.0,P2O5,mean,True
39790,krige,"n_closest_points,variogram_model:5,linear",Caledonian,10.0,CO2,mean,True
39791,krige,"n_closest_points,variogram_model:5,linear",Caledonian,10.0,SO3,mean,True
39792,krige,"n_closest_points,variogram_model:5,linear",Caledonian,10.0,F,mean,True
39793,krige,"n_closest_points,variogram_model:5,linear",Caledonian,10.0,LOI,mean,True
39794,krige,"n_closest_points,variogram_model:5,linear",Caledonian,10.0,La,mean,True
39795,krige,"n_closest_points,variogram_model:5,linear",Caledonian,10.0,Ce,mean,True
39796,krige,"n_closest_points,variogram_model:5,linear",Caledonian,10.0,Pr,mean,True
39797,krige,"n_closest_points,variogram_model:5,linear",Caledonian,10.0,Nd,mean,True
39798,krige,"n_closest_points,variogram_model:5,linear",Caledonian,10.0,Sm,mean,True
39799,krige,"n_closest_points,variogram_model:5,linear",Caledonian,10.0,Eu,mean,True
39800,krige,"n_closest_points,variogram_model:5,linear",Caledonian,10.0,Gd,mean,True
39801,krige,"n_closest_points,variogram_model:5,linear",Caledonian,10.0,Tb,mean,True
39802,krige,"n_closest_points,variogram_model:5,linear",Caledonian,10.0,Dy,mean,True
39803,krige,"n_closest_points,variogram_model:5,linear",Caledonian,10.0,Ho,mean,True
39804,krige,"n_closest_points,variogram_model:5,linear",Caledonian,10.0,Er,mean,True
39805,krige,"n_closest_points,variogram_model:5,linear",Caledonian,10.0,Tm,mean,True
39806,krige,"n_closest_points,variogram_model:5,linear",Caledonian,10.0,Yb,mean,True
39807,krige,"n_closest_points,variogram_model:5,linear",Caledonian,10.0,Lu,mean,True
39808,krige,"n_closest_points,variogram_model:5,linear",Caledonian,10.0,Y,mean,True
39809,krige,"n_closest_points,variogram_model:5,linear",Caledonian,10.0,Sc,mean,True
39810,krige,"n_closest_points,variogram_model:5,linear",Caledonian,10.0,V,mean,True
39811,krige,"n_closest_points,variogram_model:5,linear",Caledonian,10.0,Cr,mean,True
39812,krige,"n_closest_points,variogram_model:5,linear",Caledonian,10.0,Co,mean,True
39813,krige,"n_closest_points,variogram_model:5,linear",Caledonian,10.0,Ni,mean,True
39814,krige,"n_closest_points,variogram_model:5,linear",Caledonian,10.0,Mn,mean,True
39815,krige,"n_closest_points,variogram_model:5,linear",Caledonian,10.0,Cu,mean,True
39816,krige,"n_closest_points,variogram_model:5,linear",Caledonian,10.0,Zn,mean,True
39817,krige,"n_closest_points,variogram_model:5,linear",Caledonian,10.0,Ga,mean,True
39818,krige,"n_closest_points,variogram_model:5,linear",Caledonian,10.0,Ge,mean,True
39819,krige,"n_closest_points,variogram_model:5,linear",Caledonian,10.0,Cs,mean,True
39821,krige,"n_closest_points,variogram_model:5,linear",Caledonian,10.0,Ba,mean,True
39822,krige,"n_closest_points,variogram_model:5,linear",Caledonian,10.0,Th,mean,True
39823,krige,"n_closest_points,variogram_model:5,linear",Caledonian,10.0,U,mean,True
39824,krige,"n_closest_points,variogram_model:5,linear",Caledonian,10.0,Nb,mean,True
39825,krige,"n_closest_points,variogram_model:5,linear",Caledonian,10.0,Ta,mean,True
39826,krige,"n_closest_points,variogram_model:5,linear",Caledonian,10.0,Ti,mean,True
39827,krige,"n_closest_points,variogram_model:5,linear",Caledonian,10.0,Pb,mean,True
39828,krige,"n_closest_points,variogram_model:5,linear",Caledonian,10.0,Sr,mean,True
39829,krige,"n_closest_points,variogram_model:5,linear",Caledonian,10.0,Zr,mean,True
39830,krige,"n_closest_points,variogram_model:5,linear",Caledonian,10.0,Hf,mean,True
39831,krige,"n_closest_points,variogram_model:5,linear",Caledonian,10.0,Li,mean,True
39832,krige,"n_closest_points,variogram_model:5,linear",Caledonian,10.0,Be,mean,True
39833,krige,"n_closest_points,variogram_model:5,linear",Caledonian,10.0,W,mean,True
39834,krige,"n_closest_points,variogram_model:5,linear",Caledonian,10.0,Pt,mean,True
39835,krige,"n_closest_points,variogram_model:5,linear",Caledonian,10.0,Os,mean,True
39836,krige,"n_closest_points,variogram_model:5,linear",Caledonian,10.0,Ir,mean,True
39837,krige,"n_closest_points,variogram_model:5,linear",Caledonian,10.0,Ru,mean,True
39838,krige,"n_closest_points,variogram_model:5,linear",Caledonian,10.0,Rh,mean,True
39839,krige,"n_closest_points,variogram_model:5,linear",Caledonian,10.0,Sn,mean,True
39840,krige,"n_closest_points,variogram_model:5,linear",Caledonian,10.0,Mo,mean,True
39841,krige,"n_closest_points,variogram_model:5,linear",Caledonian,10.0,87Sr/86Sr(m),mean,True
39842,krige,"n_closest_points,variogram_model:5,linear",Caledonian,10.0,143Nd/144Nd(m),mean,True
39845,krige,"n_closest_points,variogram_model:5,linear",Caledonian,10.0,206Pb/204Pb(m),mean,True
39726,krige,"n_closest_points,variogram_model:5,gaussian",Caledonian,10.0,Ce,mean,True
39769,krige,"n_closest_points,variogram_model:5,gaussian",Caledonian,10.0,Rh,mean,True
39708,krige,"n_closest_points,variogram_model:5,gaussian",Caledonian,10.0,SiO2,mean,True
39709,krige,"n_closest_points,variogram_model:5,gaussian",Caledonian,10.0,TiO2,mean,True
39710,krige,"n_closest_points,variogram_model:5,gaussian",Caledonian,10.0,Al2O3,mean,True
39711,krige,"n_closest_points,variogram_model:5,gaussian",Caledonian,10.0,Fe2O3,mean,True
39712,krige,"n_closest_points,variogram_model:5,gaussian",Caledonian,10.0,FeO,mean,True
39713,krige,"n_closest_points,variogram_model:5,gaussian",Caledonian,10.0,Fe2O3T,mean,True
39714,krige,"n_closest_points,variogram_model:5,gaussian",Caledonian,10.0,FeOT,mean,True
39715,krige,"n_closest_points,variogram_model:5,gaussian",Caledonian,10.0,MnO,mean,True
39716,krige,"n_closest_points,variogram_model:5,gaussian",Caledonian,10.0,MgO,mean,True
39717,krige,"n_closest_points,variogram_model:5,gaussian",Caledonian,10.0,CaO,mean,True
39718,krige,"n_closest_points,variogram_model:5,gaussian",Caledonian,10.0,Na2O,mean,True
39719,krige,"n_closest_points,variogram_model:5,gaussian",Caledonian,10.0,K2O,mean,True
39720,krige,"n_closest_points,variogram_model:5,gaussian",Caledonian,10.0,P2O5,mean,True
39721,krige,"n_closest_points,variogram_model:5,gaussian",Caledonian,10.0,CO2,mean,True
39722,krige,"n_closest_points,variogram_model:5,gaussian",Caledonian,10.0,SO3,mean,True
39723,krige,"n_closest_points,variogram_model:5,gaussian",Caledonian,10.0,F,mean,True
39724,krige,"n_closest_points,variogram_model:5,gaussian",Caledonian,10.0,LOI,mean,True
39725,krige,"n_closest_points,variogram_model:5,gaussian",Caledonian,10.0,La,mean,True
39727,krige,"n_closest_points,variogram_model:5,gaussian",Caledonian,10.0,Pr,mean,True
39728,krige,"n_closest_points,variogram_model:5,gaussian",Caledonian,10.0,Nd,mean,True
39729,krige,"n_closest_points,variogram_model:5,gaussian",Caledonian,10.0,Sm,mean,True
39730,krige,"n_closest_points,variogram_model:5,gaussian",Caledonian,10.0,Eu,mean,True
39731,krige,"n_closest_points,variogram_model:5,gaussian",Caledonian,10.0,Gd,mean,True
39732,krige,"n_closest_points,variogram_model:5,gaussian",Caledonian,10.0,Tb,mean,True
39733,krige,"n_closest_points,variogram_model:5,gaussian",Caledonian,10.0,Dy,mean,True
39734,krige,"n_closest_points,variogram_model:5,gaussian",Caledonian,10.0,Ho,mean,True
39735,krige,"n_closest_points,variogram_model:5,gaussian",Caledonian,10.0,Er,mean,True
39736,krige,"n_closest_points,variogram_model:5,gaussian",Caledonian,10.0,Tm,mean,True
39737,krige,"n_closest_points,variogram_model:5,gaussian",Caledonian,10.0,Yb,mean,True
39738,krige,"n_closest_points,variogram_model:5,gaussian",Caledonian,10.0,Lu,mean,True
39739,krige,"n_closest_points,variogram_model:5,gaussian",Caledonian,10.0,Y,mean,True
39740,krige,"n_closest_points,variogram_model:5,gaussian",Caledonian,10.0,Sc,mean,True
39741,krige,"n_closest_points,variogram_model:5,gaussian",Caledonian,10.0,V,mean,True
39742,krige,"n_closest_points,variogram_model:5,gaussian",Caledonian,10.0,Cr,mean,True
39743,krige,"n_closest_points,variogram_model:5,gaussian",Caledonian,10.0,Co,mean,True
39744,krige,"n_closest_points,variogram_model:5,gaussian",Caledonian,10.0,Ni,mean,True
39745,krige,"n_closest_points,variogram_model:5,gaussian",Caledonian,10.0,Mn,mean,True
39746,krige,"n_closest_points,variogram_model:5,gaussian",Caledonian,10.0,Cu,mean,True
39747,krige,"n_closest_points,variogram_model:5,gaussian",Caledonian,10.0,Zn,mean,True
39748,krige,"n_closest_points,variogram_model:5,gaussian",Caledonian,10.0,Ga,mean,True
39749,krige,"n_closest_points,variogram_model:5,gaussian",Caledonian,10.0,Ge,mean,True
39750,krige,"n_closest_points,variogram_model:5,gaussian",Caledonian,10.0,Cs,mean,True
39751,krige,"n_closest_points,variogram_model:5,gaussian",Caledonian,10.0,Rb,mean,True
39752,krige,"n_closest_points,variogram_model:5,gaussian",Caledonian,10.0,Ba,mean,True
39753,krige,"n_closest_points,variogram_model:5,gaussian",Caledonian,10.0,Th,mean,True
39754,krige,"n_closest_points,variogram_model:5,gaussian",Caledonian,10.0,U,mean,True
39755,krige,"n_closest_points,variogram_model:5,gaussian",Caledonian,10.0,Nb,mean,True
39756,krige,"n_closest_points,variogram_model:5,gaussian",Caledonian,10.0,Ta,mean,True
39757,krige,"n_closest_points,variogram_model:5,gaussian",Caledonian,10.0,Ti,mean,True
39758,krige,"n_closest_points,variogram_model:5,gaussian",Caledonian,10.0,Pb,mean,True
39759,krige,"n_closest_points,variogram_model:5,gaussian",Caledonian,10.0,Sr,mean,True
39760,krige,"n_closest_points,variogram_model:5,gaussian",Caledonian,10.0,Zr,mean,True
39761,krige,"n_closest_points,variogram_model:5,gaussian",Caledonian,10.0,Hf,mean,True
39762,krige,"n_closest_points,variogram_model:5,gaussian",Caledonian,10.0,Li,mean,True
39763,krige,"n_closest_points,variogram_model:5,gaussian",Caledonian,10.0,Be,mean,True
39764,krige,"n_closest_points,variogram_model:5,gaussian",Caledonian,10.0,W,mean,True
39765,krige,"n_closest_points,variogram_model:5,gaussian",Caledonian,10.0,Pt,mean,True
39766,krige,"n_closest_points,variogram_model:5,gaussian",Caledonian,10.0,Os,mean,True
39767,krige,"n_closest_points,variogram_model:5,gaussian",Caledonian,10.0,Ir,mean,True
39768,krige,"n_closest_points,variogram_model:5,gaussian",Caledonian,10.0,Ru,mean,True
39770,krige,"n_closest_points,variogram_model:5,gaussian",Caledonian,10.0,Sn,mean,True
39771,krige,"n_closest_points,variogram_model:5,gaussian",Caledonian,10.0,Mo,mean,True
39772,krige,"n_closest_points,variogram_model:5,gaussian",Caledonian,10.0,87Sr/86Sr(m),mean,True
39773,krige,"n_closest_points,variogram_model:5,gaussian",Caledonian,10.0,143Nd/144Nd(m),mean,True
39776,krige,"n_closest_points,variogram_model:5,gaussian",Caledonian,10.0,206Pb/204Pb(m),mean,True
39984,polynomial,"degree,n_closest_points:2,5",Caledonian,10.0,SiO2,mean,True
39985,polynomial,"degree,n_closest_points:2,5",Caledonian,10.0,TiO2,mean,True
39986,polynomial,"degree,n_closest_points:2,5",Caledonian,10.0,Al2O3,mean,True
39987,polynomial,"degree,n_closest_points:2,5",Caledonian,10.0,Fe2O3,mean,True
39988,polynomial,"degree,n_closest_points:2,5",Caledonian,10.0,FeO,mean,True
39989,polynomial,"degree,n_closest_points:2,5",Caledonian,10.0,Fe2O3T,mean,True
39990,polynomial,"degree,n_closest_points:2,5",Caledonian,10.0,FeOT,mean,True
39991,polynomial,"degree,n_closest_points:2,5",Caledonian,10.0,MnO,mean,True
39992,polynomial,"degree,n_closest_points:2,5",Caledonian,10.0,MgO,mean,True
39993,polynomial,"degree,n_closest_points:2,5",Caledonian,10.0,CaO,mean,True
39994,polynomial,"degree,n_closest_points:2,5",Caledonian,10.0,Na2O,mean,True
39995,polynomial,"degree,n_closest_points:2,5",Caledonian,10.0,K2O,mean,True
39996,polynomial,"degree,n_closest_points:2,5",Caledonian,10.0,P2O5,mean,True
39997,polynomial,"degree,n_closest_points:2,5",Caledonian,10.0,CO2,mean,True
39998,polynomial,"degree,n_closest_points:2,5",Caledonian,10.0,SO3,mean,True
39999,polynomial,"degree,n_closest_points:2,5",Caledonian,10.0,F,mean,True
40000,polynomial,"degree,n_closest_points:2,5",Caledonian,10.0,LOI,mean,True
40001,polynomial,"degree,n_closest_points:2,5",Caledonian,10.0,La,mean,True
40002,polynomial,"degree,n_closest_points:2,5",Caledonian,10.0,Ce,mean,True
40003,polynomial,"degree,n_closest_points:2,5",Caledonian,10.0,Pr,mean,True
40004,polynomial,"degree,n_closest_points:2,5",Caledonian,10.0,Nd,mean,True
40005,polynomial,"degree,n_closest_points:2,5",Caledonian,10.0,Sm,mean,True
40006,polynomial,"degree,n_closest_points:2,5",Caledonian,10.0,Eu,mean,True
40007,polynomial,"degree,n_closest_points:2,5",Caledonian,10.0,Gd,mean,True
40008,polynomial,"degree,n_closest_points:2,5",Caledonian,10.0,Tb,mean,True
40009,polynomial,"degree,n_closest_points:2,5",Caledonian,10.0,Dy,mean,True
40010,polynomial,"degree,n_closest_points:2,5",Caledonian,10.0,Ho,mean,True
40011,polynomial,"degree,n_closest_points:2,5",Caledonian,10.0,Er,mean,True
40012,polynomial,"degree,n_closest_points:2,5",Caledonian,10.0,Tm,mean,True
40013,polynomial,"degree,n_closest_points:2,5",Caledonian,10.0,Yb,mean,True
40014,polynomial,"degree,n_closest_points:2,5",Caledonian,10.0,Lu,mean,True
40015,polynomial,"degree,n_closest_points:2,5",Caledonian,10.0,Y,mean,True
40016,polynomial,"degree,n_closest_points:2,5",Caledonian,10.0,Sc,mean,True
40017,polynomial,"degree,n_closest_points:2,5",Caledonian,10.0,V,mean,True
40018,polynomial,"degree,n_closest_points:2,5",Caledonian,10.0,Cr,mean,True
40019,polynomial,"degree,n_closest_points:2,5",Caledonian,10.0,Co,mean,True
40020,polynomial,"degree,n_closest_points:2,5",Caledonian,10.0,Ni,mean,True
40021,polynomial,"degree,n_closest_points:2,5",Caledonian,10.0,Mn,mean,True
40022,polynomial,"degree,n_closest_points:2,5",Caledonian,10.0,Cu,mean,True
40023,polynomial,"degree,n_closest_points:2,5",Caledonian,10.0,Zn,mean,True
40024,polynomial,"degree,n_closest_points:2,5",Caledonian,10.0,Ga,mean,True
40025,polynomial,"degree,n_closest_points:2,5",Caledonian,10.0,Ge,mean,True
40026,polynomial,"degree,n_closest_points:2,5",Caledonian,10.0,Cs,mean,True
40027,polynomial,"degree,n_closest_points:2,5",Caledonian,10.0,Rb,mean,True
40028,polynomial,"degree,n_closest_points:2,5",Caledonian,10.0,Ba,mean,True
40029,polynomial,"degree,n_closest_points:2,5",Caledonian,10.0,Th,mean,True
40030,polynomial,"degree,n_closest_points:2,5",Caledonian,10.0,U,mean,True
40031,polynomial,"degree,n_closest_points:2,5",Caledonian,10.0,Nb,mean,True
40032,polynomial,"degree,n_closest_points:2,5",Caledonian,10.0,Ta,mean,True
40033,polynomial,"degree,n_closest_points:2,5",Caledonian,10.0,Ti,mean,True
40034,polynomial,"degree,n_closest_points:2,5",Caledonian,10.0,Pb,mean,True
40035,polynomial,"degree,n_closest_points:2,5",Caledonian,10.0,Sr,mean,True
40036,polynomial,"degree,n_closest_points:2,5",Caledonian,10.0,Zr,mean,True
40037,polynomial,"degree,n_closest_points:2,5",Caledonian,10.0,Hf,mean,True
40038,polynomial,"degree,n_closest_points:2,5",Caledonian,10.0,Li,mean,True
40039,polynomial,"degree,n_closest_points:2,5",Caledonian,10.0,Be,mean,True
40040,polynomial,"degree,n_closest_points:2,5",Caledonian,10.0,W,mean,True
40041,polynomial,"degree,n_closest_points:2,5",Caledonian,10.0,Pt,mean,True
40042,polynomial,"degree,n_closest_points:2,5",Caledonian,10.0,Os,mean,True
40043,polynomial,"degree,n_closest_points:2,5",Caledonian,10.0,Ir,mean,True
40044,polynomial,"degree,n_closest_points:2,5",Caledonian,10.0,Ru,mean,True
40045,polynomial,"degree,n_closest_points:2,5",Caledonian,10.0,Rh,mean,True
40046,polynomial,"degree,n_closest_points:2,5",Caledonian,10.0,Sn,mean,True
40047,polynomial,"degree,n_closest_points:2,5",Caledonian,10.0,Mo,mean,True
40048,polynomial,"degree,n_closest_points:2,5",Caledonian,10.0,87Sr/86Sr(m),mean,True
40049,polynomial,"degree,n_closest_points:2,5",Caledonian,10.0,143Nd/144Nd(m),mean,True
40052,polynomial,"degree,n_closest_points:2,5",Caledonian,10.0,206Pb/204Pb(m),mean,True
40053,polynomial,"degree,n_closest_points:3,5",Caledonian,10.0,SiO2,mean,True
40054,polynomial,"degree,n_closest_points:3,5",Caledonian,10.0,TiO2,mean,True
40055,polynomial,"degree,n_closest_points:3,5",Caledonian,10.0,Al2O3,mean,True
40056,polynomial,"degree,n_closest_points:3,5",Caledonian,10.0,Fe2O3,mean,True
40057,polynomial,"degree,n_closest_points:3,5",Caledonian,10.0,FeO,mean,True
40058,polynomial,"degree,n_closest_points:3,5",Caledonian,10.0,Fe2O3T,mean,True
40059,polynomial,"degree,n_closest_points:3,5",Caledonian,10.0,FeOT,mean,True
40060,polynomial,"degree,n_closest_points:3,5",Caledonian,10.0,MnO,mean,True
40061,polynomial,"degree,n_closest_points:3,5",Caledonian,10.0,MgO,mean,True
40062,polynomial,"degree,n_closest_points:3,5",Caledonian,10.0,CaO,mean,True
40063,polynomial,"degree,n_closest_points:3,5",Caledonian,10.0,Na2O,mean,True
40064,polynomial,"degree,n_closest_points:3,5",Caledonian,10.0,K2O,mean,True
40065,polynomial,"degree,n_closest_points:3,5",Caledonian,10.0,P2O5,mean,True
40066,polynomial,"degree,n_closest_points:3,5",Caledonian,10.0,CO2,mean,True
40067,polynomial,"degree,n_closest_points:3,5",Caledonian,10.0,SO3,mean,True
40068,polynomial,"degree,n_closest_points:3,5",Caledonian,10.0,F,mean,True
40069,polynomial,"degree,n_closest_points:3,5",Caledonian,10.0,LOI,mean,True
40070,polynomial,"degree,n_closest_points:3,5",Caledonian,10.0,La,mean,True
40071,polynomial,"degree,n_closest_points:3,5",Caledonian,10.0,Ce,mean,True
40072,polynomial,"degree,n_closest_points:3,5",Caledonian,10.0,Pr,mean,True
40073,polynomial,"degree,n_closest_points:3,5",Caledonian,10.0,Nd,mean,True
40074,polynomial,"degree,n_closest_points:3,5",Caledonian,10.0,Sm,mean,True
40075,polynomial,"degree,n_closest_points:3,5",Caledonian,10.0,Eu,mean,True
40076,polynomial,"degree,n_closest_points:3,5",Caledonian,10.0,Gd,mean,True
40077,polynomial,"degree,n_closest_points:3,5",Caledonian,10.0,Tb,mean,True
40078,polynomial,"degree,n_closest_points:3,5",Caledonian,10.0,Dy,mean,True
40079,polynomial,"degree,n_closest_points:3,5",Caledonian,10.0,Ho,mean,True
40080,polynomial,"degree,n_closest_points:3,5",Caledonian,10.0,Er,mean,True
40081,polynomial,"degree,n_closest_points:3,5",Caledonian,10.0,Tm,mean,True
40082,polynomial,"degree,n_closest_points:3,5",Caledonian,10.0,Yb,mean,True
40083,polynomial,"degree,n_closest_points:3,5",Caledonian,10.0,Lu,mean,True
40084,polynomial,"degree,n_closest_points:3,5",Caledonian,10.0,Y,mean,True
40085,polynomial,"degree,n_closest_points:3,5",Caledonian,10.0,Sc,mean,True
40086,polynomial,"degree,n_closest_points:3,5",Caledonian,10.0,V,mean,True
40087,polynomial,"degree,n_closest_points:3,5",Caledonian,10.0,Cr,mean,True
40088,polynomial,"degree,n_closest_points:3,5",Caledonian,10.0,Co,mean,True
40089,polynomial,"degree,n_closest_points:3,5",Caledonian,10.0,Ni,mean,True
40090,polynomial,"degree,n_closest_points:3,5",Caledonian,10.0,Mn,mean,True
40091,polynomial,"degree,n_closest_points:3,5",Caledonian,10.0,Cu,mean,True
40092,polynomial,"degree,n_closest_points:3,5",Caledonian,10.0,Zn,mean,True
40093,polynomial,"degree,n_closest_points:3,5",Caledonian,10.0,Ga,mean,True
40094,polynomial,"degree,n_closest_points:3,5",Caledonian,10.0,Ge,mean,True
40095,polynomial,"degree,n_closest_points:3,5",Caledonian,10.0,Cs,mean,True
40096,polynomial,"degree,n_closest_points:3,5",Caledonian,10.0,Rb,mean,True
40097,polynomial,"degree,n_closest_points:3,5",Caledonian,10.0,Ba,mean,True
40098,polynomial,"degree,n_closest_points:3,5",Caledonian,10.0,Th,mean,True
40099,polynomial,"degree,n_closest_points:3,5",Caledonian,10.0,U,mean,True
40100,polynomial,"degree,n_closest_points:3,5",Caledonian,10.0,Nb,mean,True
40101,polynomial,"degree,n_closest_points:3,5",Caledonian,10.0,Ta,mean,True
40102,polynomial,"degree,n_closest_points:3,5",Caledonian,10.0,Ti,mean,True
40103,polynomial,"degree,n_closest_points:3,5",Caledonian,10.0,Pb,mean,True
40104,polynomial,"degree,n_closest_points:3,5",Caledonian,10.0,Sr,mean,True
40105,polynomial,"degree,n_closest_points:3,5",Caledonian,10.0,Zr,mean,True
40106,polynomial,"degree,n_closest_points:3,5",Caledonian,10.0,Hf,mean,True
40107,polynomial,"degree,n_closest_points:3,5",Caledonian,10.0,Li,mean,True
40108,polynomial,"degree,n_closest_points:3,5",Caledonian,10.0,Be,mean,True
40109,polynomial,"degree,n_closest_points:3,5",Caledonian,10.0,W,mean,True
40110,polynomial,"degree,n_closest_points:3,5",Caledonian,10.0,Pt,mean,True
40111,polynomial,"degree,n_closest_points:3,5",Caledonian,10.0,Os,mean,True
40112,polynomial,"degree,n_closest_points:3,5",Caledonian,10.0,Ir,mean,True
40113,polynomial,"degree,n_closest_points:3,5",Caledonian,10.0,Ru,mean,True
40114,polynomial,"degree,n_closest_points:3,5",Caledonian,10.0,Rh,mean,True
40115,polynomial,"degree,n_closest_points:3,5",Caledonian,10.0,Sn,mean,True
40116,polynomial,"degree,n_closest_points:3,5",Caledonian,10.0,Mo,mean,True
40117,polynomial,"degree,n_closest_points:3,5",Caledonian,10.0,87Sr/86Sr(m),mean,True
40118,polynomial,"degree,n_closest_points:3,5",Caledonian,10.0,143Nd/144Nd(m),mean,True
40121,polynomial,"degree,n_closest_points:3,5",Caledonian,10.0,206Pb/204Pb(m),mean,True
40122,polynomial,"degree,n_closest_points:2,16",Caledonian,10.0,SiO2,mean,True
40123,polynomial,"degree,n_closest_points:2,16",Caledonian,10.0,TiO2,mean,True
40124,polynomial,"degree,n_closest_points:2,16",Caledonian,10.0,Al2O3,mean,True
40125,polynomial,"degree,n_closest_points:2,16",Caledonian,10.0,Fe2O3,mean,True
40126,polynomial,"degree,n_closest_points:2,16",Caledonian,10.0,FeO,mean,True
40127,polynomial,"degree,n_closest_points:2,16",Caledonian,10.0,Fe2O3T,mean,True
40128,polynomial,"degree,n_closest_points:2,16",Caledonian,10.0,FeOT,mean,True
40129,polynomial,"degree,n_closest_points:2,16",Caledonian,10.0,MnO,mean,True
40130,polynomial,"degree,n_closest_points:2,16",Caledonian,10.0,MgO,mean,True
40131,polynomial,"degree,n_closest_points:2,16",Caledonian,10.0,CaO,mean,True
40132,polynomial,"degree,n_closest_points:2,16",Caledonian,10.0,Na2O,mean,True
40133,polynomial,"degree,n_closest_points:2,16",Caledonian,10.0,K2O,mean,True
40134,polynomial,"degree,n_closest_points:2,16",Caledonian,10.0,P2O5,mean,True
40135,polynomial,"degree,n_closest_points:2,16",Caledonian,10.0,CO2,mean,True
40136,polynomial,"degree,n_closest_points:2,16",Caledonian,10.0,SO3,mean,True
40137,polynomial,"degree,n_closest_points:2,16",Caledonian,10.0,F,mean,True
40138,polynomial,"degree,n_closest_points:2,16",Caledonian,10.0,LOI,mean,True
40139,polynomial,"degree,n_closest_points:2,16",Caledonian,10.0,La,mean,True
40140,polynomial,"degree,n_closest_points:2,16",Caledonian,10.0,Ce,mean,True
40141,polynomial,"degree,n_closest_points:2,16",Caledonian,10.0,Pr,mean,True
40142,polynomial,"degree,n_closest_points:2,16",Caledonian,10.0,Nd,mean,True
40143,polynomial,"degree,n_closest_points:2,16",Caledonian,10.0,Sm,mean,True
40144,polynomial,"degree,n_closest_points:2,16",Caledonian,10.0,Eu,mean,True
40145,polynomial,"degree,n_closest_points:2,16",Caledonian,10.0,Gd,mean,True
40146,polynomial,"degree,n_closest_points:2,16",Caledonian,10.0,Tb,mean,True
40147,polynomial,"degree,n_closest_points:2,16",Caledonian,10.0,Dy,mean,True
40148,polynomial,"degree,n_closest_points:2,16",Caledonian,10.0,Ho,mean,True
40149,polynomial,"degree,n_closest_points:2,16",Caledonian,10.0,Er,mean,True
40150,polynomial,"degree,n_closest_points:2,16",Caledonian,10.0,Tm,mean,True
40151,polynomial,"degree,n_closest_points:2,16",Caledonian,10.0,Yb,mean,True
40152,polynomial,"degree,n_closest_points:2,16",Caledonian,10.0,Lu,mean,True
40153,polynomial,"degree,n_closest_points:2,16",Caledonian,10.0,Y,mean,True
40154,polynomial,"degree,n_closest_points:2,16",Caledonian,10.0,Sc,mean,True
40155,polynomial,"degree,n_closest_points:2,16",Caledonian,10.0,V,mean,True
40156,polynomial,"degree,n_closest_points:2,16",Caledonian,10.0,Cr,mean,True
40157,polynomial,"degree,n_closest_points:2,16",Caledonian,10.0,Co,mean,True
40158,polynomial,"degree,n_closest_points:2,16",Caledonian,10.0,Ni,mean,True
40159,polynomial,"degree,n_closest_points:2,16",Caledonian,10.0,Mn,mean,True
40160,polynomial,"degree,n_closest_points:2,16",Caledonian,10.0,Cu,mean,True
40161,polynomial,"degree,n_closest_points:2,16",Caledonian,10.0,Zn,mean,True
40162,polynomial,"degree,n_closest_points:2,16",Caledonian,10.0,Ga,mean,True
40163,polynomial,"degree,n_closest_points:2,16",Caledonian,10.0,Ge,mean,True
40164,polynomial,"degree,n_closest_points:2,16",Caledonian,10.0,Cs,mean,True
40165,polynomial,"degree,n_closest_points:2,16",Caledonian,10.0,Rb,mean,True
40166,polynomial,"degree,n_closest_points:2,16",Caledonian,10.0,Ba,mean,True
40167,polynomial,"degree,n_closest_points:2,16",Caledonian,10.0,Th,mean,True
40168,polynomial,"degree,n_closest_points:2,16",Caledonian,10.0,U,mean,True
40169,polynomial,"degree,n_closest_points:2,16",Caledonian,10.0,Nb,mean,True
40170,polynomial,"degree,n_closest_points:2,16",Caledonian,10.0,Ta,mean,True
40171,polynomial,"degree,n_closest_points:2,16",Caledonian,10.0,Ti,mean,True
40172,polynomial,"degree,n_closest_points:2,16",Caledonian,10.0,Pb,mean,True
40173,polynomial,"degree,n_closest_points:2,16",Caledonian,10.0,Sr,mean,True
40174,polynomial,"degree,n_closest_points:2,16",Caledonian,10.0,Zr,mean,True
40175,polynomial,"degree,n_closest_points:2,16",Caledonian,10.0,Hf,mean,True
40176,polynomial,"degree,n_closest_points:2,16",Caledonian,10.0,Li,mean,True
40177,polynomial,"degree,n_closest_points:2,16",Caledonian,10.0,Be,mean,True
40178,polynomial,"degree,n_closest_points:2,16",Caledonian,10.0,W,mean,True
40179,polynomial,"degree,n_closest_points:2,16",Caledonian,10.0,Pt,mean,True
40180,polynomial,"degree,n_closest_points:2,16",Caledonian,10.0,Os,mean,True
40181,polynomial,"degree,n_closest_points:2,16",Caledonian,10.0,Ir,mean,True
40182,polynomial,"degree,n_closest_points:2,16",Caledonian,10.0,Ru,mean,True
40183,polynomial,"degree,n_closest_points:2,16",Caledonian,10.0,Rh,mean,True
40184,polynomial,"degree,n_closest_points:2,16",Caledonian,10.0,Sn,mean,True
40185,polynomial,"degree,n_closest_points:2,16",Caledonian,10.0,Mo,mean,True
40191,polynomial,"degree,n_closest_points:3,16",Caledonian,10.0,SiO2,mean,True
40192,polynomial,"degree,n_closest_points:3,16",Caledonian,10.0,TiO2,mean,True
40193,polynomial,"degree,n_closest_points:3,16",Caledonian,10.0,Al2O3,mean,True
40194,polynomial,"degree,n_closest_points:3,16",Caledonian,10.0,Fe2O3,mean,True
40195,polynomial,"degree,n_closest_points:3,16",Caledonian,10.0,FeO,mean,True
40196,polynomial,"degree,n_closest_points:3,16",Caledonian,10.0,Fe2O3T,mean,True
40197,polynomial,"degree,n_closest_points:3,16",Caledonian,10.0,FeOT,mean,True
40198,polynomial,"degree,n_closest_points:3,16",Caledonian,10.0,MnO,mean,True
40199,polynomial,"degree,n_closest_points:3,16",Caledonian,10.0,MgO,mean,True
40200,polynomial,"degree,n_closest_points:3,16",Caledonian,10.0,CaO,mean,True
40201,polynomial,"degree,n_closest_points:3,16",Caledonian,10.0,Na2O,mean,True
40202,polynomial,"degree,n_closest_points:3,16",Caledonian,10.0,K2O,mean,True
40203,polynomial,"degree,n_closest_points:3,16",Caledonian,10.0,P2O5,mean,True
40204,polynomial,"degree,n_closest_points:3,16",Caledonian,10.0,CO2,mean,True
40205,polynomial,"degree,n_closest_points:3,16",Caledonian,10.0,SO3,mean,True
40206,polynomial,"degree,n_closest_points:3,16",Caledonian,10.0,F,mean,True
40207,polynomial,"degree,n_closest_points:3,16",Caledonian,10.0,LOI,mean,True
40208,polynomial,"degree,n_closest_points:3,16",Caledonian,10.0,La,mean,True
40209,polynomial,"degree,n_closest_points:3,16",Caledonian,10.0,Ce,mean,True
40210,polynomial,"degree,n_closest_points:3,16",Caledonian,10.0,Pr,mean,True
40211,polynomial,"degree,n_closest_points:3,16",Caledonian,10.0,Nd,mean,True
40212,polynomial,"degree,n_closest_points:3,16",Caledonian,10.0,Sm,mean,True
40213,polynomial,"degree,n_closest_points:3,16",Caledonian,10.0,Eu,mean,True
40214,polynomial,"degree,n_closest_points:3,16",Caledonian,10.0,Gd,mean,True
40215,polynomial,"degree,n_closest_points:3,16",Caledonian,10.0,Tb,mean,True
40216,polynomial,"degree,n_closest_points:3,16",Caledonian,10.0,Dy,mean,True
40217,polynomial,"degree,n_closest_points:3,16",Caledonian,10.0,Ho,mean,True
40218,polynomial,"degree,n_closest_points:3,16",Caledonian,10.0,Er,mean,True
40219,polynomial,"degree,n_closest_points:3,16",Caledonian,10.0,Tm,mean,True
40220,polynomial,"degree,n_closest_points:3,16",Caledonian,10.0,Yb,mean,True
40221,polynomial,"degree,n_closest_points:3,16",Caledonian,10.0,Lu,mean,True
40222,polynomial,"degree,n_closest_points:3,16",Caledonian,10.0,Y,mean,True
40223,polynomial,"degree,n_closest_points:3,16",Caledonian,10.0,Sc,mean,True
40224,polynomial,"degree,n_closest_points:3,16",Caledonian,10.0,V,mean,True
40225,polynomial,"degree,n_closest_points:3,16",Caledonian,10.0,Cr,mean,True
40226,polynomial,"degree,n_closest_points:3,16",Caledonian,10.0,Co,mean,True
40227,polynomial,"degree,n_closest_points:3,16",Caledonian,10.0,Ni,mean,True
40228,polynomial,"degree,n_closest_points:3,16",Caledonian,10.0,Mn,mean,True
40229,polynomial,"degree,n_closest_points:3,16",Caledonian,10.0,Cu,mean,True
40230,polynomial,"degree,n_closest_points:3,16",Caledonian,10.0,Zn,mean,True
40231,polynomial,"degree,n_closest_points:3,16",Caledonian,10.0,Ga,mean,True
40232,polynomial,"degree,n_closest_points:3,16",Caledonian,10.0,Ge,mean,True
40233,polynomial,"degree,n_closest_points:3,16",Caledonian,10.0,Cs,mean,True
40234,polynomial,"degree,n_closest_points:3,16",Caledonian,10.0,Rb,mean,True
40235,polynomial,"degree,n_closest_points:3,16",Caledonian,10.0,Ba,mean,True
40236,polynomial,"degree,n_closest_points:3,16",Caledonian,10.0,Th,mean,True
40237,polynomial,"degree,n_closest_points:3,16",Caledonian,10.0,U,mean,True
40238,polynomial,"degree,n_closest_points:3,16",Caledonian,10.0,Nb,mean,True
40239,polynomial,"degree,n_closest_points:3,16",Caledonian,10.0,Ta,mean,True
40240,polynomial,"degree,n_closest_points:3,16",Caledonian,10.0,Ti,mean,True
40241,polynomial,"degree,n_closest_points:3,16",Caledonian,10.0,Pb,mean,True
40242,polynomial,"degree,n_closest_points:3,16",Caledonian,10.0,Sr,mean,True
40243,polynomial,"degree,n_closest_points:3,16",Caledonian,10.0,Zr,mean,True
40244,polynomial,"degree,n_closest_points:3,16",Caledonian,10.0,Hf,mean,True
40245,polynomial,"degree,n_closest_points:3,16",Caledonian,10.0,Li,mean,True
40246,polynomial,"degree,n_closest_points:3,16",Caledonian,10.0,Be,mean,True
40247,polynomial,"degree,n_closest_points:3,16",Caledonian,10.0,W,mean,True
40248,polynomial,"degree,n_closest_points:3,16",Caledonian,10.0,Pt,mean,True
40249,polynomial,"degree,n_closest_points:3,16",Caledonian,10.0,Os,mean,True
40250,polynomial,"degree,n_closest_points:3,16",Caledonian,10.0,Ir,mean,True
40251,polynomial,"degree,n_closest_points:3,16",Caledonian,10.0,Ru,mean,True
40252,polynomial,"degree,n_closest_points:3,16",Caledonian,10.0,Rh,mean,True
40253,polynomial,"degree,n_closest_points:3,16",Caledonian,10.0,Sn,mean,True
40254,polynomial,"degree,n_closest_points:3,16",Caledonian,10.0,Mo,mean,True
39915,nn,,Caledonian,10.0,SiO2,mean,True
39916,nn,,Caledonian,10.0,TiO2,mean,True
39917,nn,,Caledonian,10.0,Al2O3,mean,True
39918,nn,,Caledonian,10.0,Fe2O3,mean,True
39919,nn,,Caledonian,10.0,FeO,mean,True
39920,nn,,Caledonian,10.0,Fe2O3T,mean,True
39921,nn,,Caledonian,10.0,FeOT,mean,True
39922,nn,,Caledonian,10.0,MnO,mean,True
39923,nn,,Caledonian,10.0,MgO,mean,True
39924,nn,,Caledonian,10.0,CaO,mean,True
39925,nn,,Caledonian,10.0,Na2O,mean,True
39926,nn,,Caledonian,10.0,K2O,mean,True
39927,nn,,Caledonian,10.0,P2O5,mean,True
39928,nn,,Caledonian,10.0,CO2,mean,True
39929,nn,,Caledonian,10.0,SO3,mean,True
39930,nn,,Caledonian,10.0,F,mean,True
39931,nn,,Caledonian,10.0,LOI,mean,True
39932,nn,,Caledonian,10.0,La,mean,True
39933,nn,,Caledonian,10.0,Ce,mean,True
39934,nn,,Caledonian,10.0,Pr,mean,True
39935,nn,,Caledonian,10.0,Nd,mean,True
39936,nn,,Caledonian,10.0,Sm,mean,True
39937,nn,,Caledonian,10.0,Eu,mean,True
39938,nn,,Caledonian,10.0,Gd,mean,True
39939,nn,,Caledonian,10.0,Tb,mean,True
39940,nn,,Caledonian,10.0,Dy,mean,True
39941,nn,,Caledonian,10.0,Ho,mean,True
39942,nn,,Caledonian,10.0,Er,mean,True
39943,nn,,Caledonian,10.0,Tm,mean,True
39944,nn,,Caledonian,10.0,Yb,mean,True
39945,nn,,Caledonian,10.0,Lu,mean,True
39946,nn,,Caledonian,10.0,Y,mean,True
39947,nn,,Caledonian,10.0,Sc,mean,True
39948,nn,,Caledonian,10.0,V,mean,True
39949,nn,,Caledonian,10.0,Cr,mean,True
39950,nn,,Caledonian,10.0,Co,mean,True
39951,nn,,Caledonian,10.0,Ni,mean,True
39952,nn,,Caledonian,10.0,Mn,mean,True
39953,nn,,Caledonian,10.0,Cu,mean,True
39954,nn,,Caledonian,10.0,Zn,mean,True
39955,nn,,Caledonian,10.0,Ga,mean,True
39956,nn,,Caledonian,10.0,Ge,mean,True
39957,nn,,Caledonian,10.0,Cs,mean,True
39958,nn,,Caledonian,10.0,Rb,mean,True
39959,nn,,Caledonian,10.0,Ba,mean,True
39960,nn,,Caledonian,10.0,Th,mean,True
39961,nn,,Caledonian,10.0,U,mean,True
39962,nn,,Caledonian,10.0,Nb,mean,True
39963,nn,,Caledonian,10.0,Ta,mean,True
39964,nn,,Caledonian,10.0,Ti,mean,True
39965,nn,,Caledonian,10.0,Pb,mean,True
39966,nn,,Caledonian,10.0,Sr,mean,True
39967,nn,,Caledonian,10.0,Zr,mean,True
39968,nn,,Caledonian,10.0,Hf,mean,True
39969,nn,,Caledonian,10.0,Li,mean,True
39970,nn,,Caledonian,10.0,Be,mean,True
39971,nn,,Caledonian,10.0,W,mean,True
39972,nn,,Caledonian,10.0,Pt,mean,True
39973,nn,,Caledonian,10.0,Os,mean,True
39974,nn,,Caledonian,10.0,Ir,mean,True
39975,nn,,Caledonian,10.0,Ru,mean,True
39976,nn,,Caledonian,10.0,Rh,mean,True
39977,nn,,Caledonian,10.0,Sn,mean,True
39978,nn,,Caledonian,10.0,Mo,mean,True
39979,nn,,Caledonian,10.0,87Sr/86Sr(m),mean,True
39980,nn,,Caledonian,10.0,143Nd/144Nd(m),mean,True
39983,nn,,Caledonian,10.0,206Pb/204Pb(m),mean,True
40186,polynomial,"degree,n_closest_points:2,16",Caledonian,10.0,87Sr/86Sr(m),mean,True
40187,polynomial,"degree,n_closest_points:2,16",Caledonian,10.0,143Nd/144Nd(m),mean,True
40190,polynomial,"degree,n_closest_points:2,16",Caledonian,10.0,206Pb/204Pb(m),mean,True
40255,polynomial,"degree,n_closest_points:3,16",Caledonian,10.0,87Sr/86Sr(m),mean,True
40256,polynomial,"degree,n_closest_points:3,16",Caledonian,10.0,143Nd/144Nd(m),mean,True
40259,polynomial,"degree,n_closest_points:3,16",Caledonian,10.0,206Pb/204Pb(m),mean,True
40260,rbf,function:multiquadric,Caledonian,10.0,SiO2,mean,True
40261,rbf,function:multiquadric,Caledonian,10.0,TiO2,mean,True
40262,rbf,function:multiquadric,Caledonian,10.0,Al2O3,mean,True
40263,rbf,function:multiquadric,Caledonian,10.0,Fe2O3,mean,True
40264,rbf,function:multiquadric,Caledonian,10.0,FeO,mean,True
40265,rbf,function:multiquadric,Caledonian,10.0,Fe2O3T,mean,True
40266,rbf,function:multiquadric,Caledonian,10.0,FeOT,mean,True
40267,rbf,function:multiquadric,Caledonian,10.0,MnO,mean,True
40268,rbf,function:multiquadric,Caledonian,10.0,MgO,mean,True
40269,rbf,function:multiquadric,Caledonian,10.0,CaO,mean,True
40270,rbf,function:multiquadric,Caledonian,10.0,Na2O,mean,True
40271,rbf,function:multiquadric,Caledonian,10.0,K2O,mean,True
40272,rbf,function:multiquadric,Caledonian,10.0,P2O5,mean,True
40273,rbf,function:multiquadric,Caledonian,10.0,CO2,mean,True
40274,rbf,function:multiquadric,Caledonian,10.0,SO3,mean,True
40275,rbf,function:multiquadric,Caledonian,10.0,F,mean,True
40276,rbf,function:multiquadric,Caledonian,10.0,LOI,mean,True
40277,rbf,function:multiquadric,Caledonian,10.0,La,mean,True
40278,rbf,function:multiquadric,Caledonian,10.0,Ce,mean,True
40279,rbf,function:multiquadric,Caledonian,10.0,Pr,mean,True
40280,rbf,function:multiquadric,Caledonian,10.0,Nd,mean,True
40281,rbf,function:multiquadric,Caledonian,10.0,Sm,mean,True
40282,rbf,function:multiquadric,Caledonian,10.0,Eu,mean,True
40283,rbf,function:multiquadric,Caledonian,10.0,Gd,mean,True
40284,rbf,function:multiquadric,Caledonian,10.0,Tb,mean,True
40285,rbf,function:multiquadric,Caledonian,10.0,Dy,mean,True
40286,rbf,function:multiquadric,Caledonian,10.0,Ho,mean,True
40287,rbf,function:multiquadric,Caledonian,10.0,Er,mean,True
40288,rbf,function:multiquadric,Caledonian,10.0,Tm,mean,True
40289,rbf,function:multiquadric,Caledonian,10.0,Yb,mean,True
40290,rbf,function:multiquadric,Caledonian,10.0,Lu,mean,True
40291,rbf,function:multiquadric,Caledonian,10.0,Y,mean,True
40292,rbf,function:multiquadric,Caledonian,10.0,Sc,mean,True
40293,rbf,function:multiquadric,Caledonian,10.0,V,mean,True
40294,rbf,function:multiquadric,Caledonian,10.0,Cr,mean,True
40295,rbf,function:multiquadric,Caledonian,10.0,Co,mean,True
40296,rbf,function:multiquadric,Caledonian,10.0,Ni,mean,True
40297,rbf,function:multiquadric,Caledonian,10.0,Mn,mean,True
40298,rbf,function:multiquadric,Caledonian,10.0,Cu,mean,True
40299,rbf,function:multiquadric,Caledonian,10.0,Zn,mean,True
40300,rbf,function:multiquadric,Caledonian,10.0,Ga,mean,True
40301,rbf,function:multiquadric,Caledonian,10.0,Ge,mean,True
40302,rbf,function:multiquadric,Caledonian,10.0,Cs,mean,True
40303,rbf,function:multiquadric,Caledonian,10.0,Rb,mean,True
40304,rbf,function:multiquadric,Caledonian,10.0,Ba,mean,True
40305,rbf,function:multiquadric,Caledonian,10.0,Th,mean,True
40306,rbf,function:multiquadric,Caledonian,10.0,U,mean,True
40307,rbf,function:multiquadric,Caledonian,10.0,Nb,mean,True
40308,rbf,function:multiquadric,Caledonian,10.0,Ta,mean,True
40309,rbf,function:multiquadric,Caledonian,10.0,Ti,mean,True
40310,rbf,function:multiquadric,Caledonian,10.0,Pb,mean,True
40311,rbf,function:multiquadric,Caledonian,10.0,Sr,mean,True
40312,rbf,function:multiquadric,Caledonian,10.0,Zr,mean,True
40313,rbf,function:multiquadric,Caledonian,10.0,Hf,mean,True
40314,rbf,function:multiquadric,Caledonian,10.0,Li,mean,True
40315,rbf,function:multiquadric,Caledonian,10.0,Be,mean,True
40316,rbf,function:multiquadric,Caledonian,10.0,W,mean,True
40317,rbf,function:multiquadric,Caledonian,10.0,Pt,mean,True
40318,rbf,function:multiquadric,Caledonian,10.0,Os,mean,True
40319,rbf,function:multiquadric,Caledonian,10.0,Ir,mean,True
40320,rbf,function:multiquadric,Caledonian,10.0,Ru,mean,True
40321,rbf,function:multiquadric,Caledonian,10.0,Rh,mean,True
40322,rbf,function:multiquadric,Caledonian,10.0,Sn,mean,True
40323,rbf,function:multiquadric,Caledonian,10.0,Mo,mean,True
40324,rbf,function:multiquadric,Caledonian,10.0,87Sr/86Sr(m),mean,True
40325,rbf,function:multiquadric,Caledonian,10.0,143Nd/144Nd(m),mean,True
40328,rbf,function:multiquadric,Caledonian,10.0,206Pb/204Pb(m),mean,True
40329,rbf,function:gaussian,Caledonian,10.0,SiO2,mean,True
40330,rbf,function:gaussian,Caledonian,10.0,TiO2,mean,True
40331,rbf,function:gaussian,Caledonian,10.0,Al2O3,mean,True
40332,rbf,function:gaussian,Caledonian,10.0,Fe2O3,mean,True
40333,rbf,function:gaussian,Caledonian,10.0,FeO,mean,True
40334,rbf,function:gaussian,Caledonian,10.0,Fe2O3T,mean,True
40335,rbf,function:gaussian,Caledonian,10.0,FeOT,mean,True
40336,rbf,function:gaussian,Caledonian,10.0,MnO,mean,True
40337,rbf,function:gaussian,Caledonian,10.0,MgO,mean,True
40338,rbf,function:gaussian,Caledonian,10.0,CaO,mean,True
40339,rbf,function:gaussian,Caledonian,10.0,Na2O,mean,True
40340,rbf,function:gaussian,Caledonian,10.0,K2O,mean,True
40341,rbf,function:gaussian,Caledonian,10.0,P2O5,mean,True
40342,rbf,function:gaussian,Caledonian,10.0,CO2,mean,True
40343,rbf,function:gaussian,Caledonian,10.0,SO3,mean,True
40344,rbf,function:gaussian,Caledonian,10.0,F,mean,True
40345,rbf,function:gaussian,Caledonian,10.0,LOI,mean,True
40346,rbf,function:gaussian,Caledonian,10.0,La,mean,True
40347,rbf,function:gaussian,Caledonian,10.0,Ce,mean,True
40348,rbf,function:gaussian,Caledonian,10.0,Pr,mean,True
40349,rbf,function:gaussian,Caledonian,10.0,Nd,mean,True
40350,rbf,function:gaussian,Caledonian,10.0,Sm,mean,True
40351,rbf,function:gaussian,Caledonian,10.0,Eu,mean,True
40352,rbf,function:gaussian,Caledonian,10.0,Gd,mean,True
40353,rbf,function:gaussian,Caledonian,10.0,Tb,mean,True
40354,rbf,function:gaussian,Caledonian,10.0,Dy,mean,True
40355,rbf,function:gaussian,Caledonian,10.0,Ho,mean,True
40356,rbf,function:gaussian,Caledonian,10.0,Er,mean,True
40357,rbf,function:gaussian,Caledonian,10.0,Tm,mean,True
40358,rbf,function:gaussian,Caledonian,10.0,Yb,mean,True
40359,rbf,function:gaussian,Caledonian,10.0,Lu,mean,True
40360,rbf,function:gaussian,Caledonian,10.0,Y,mean,True
40361,rbf,function:gaussian,Caledonian,10.0,Sc,mean,True
40362,rbf,function:gaussian,Caledonian,10.0,V,mean,True
40363,rbf,function:gaussian,Caledonian,10.0,Cr,mean,True
40364,rbf,function:gaussian,Caledonian,10.0,Co,mean,True
40365,rbf,function:gaussian,Caledonian,10.0,Ni,mean,True
40366,rbf,function:gaussian,Caledonian,10.0,Mn,mean,True
40367,rbf,function:gaussian,Caledonian,10.0,Cu,mean,True
40368,rbf,function:gaussian,Caledonian,10.0,Zn,mean,True
40369,rbf,function:gaussian,Caledonian,10.0,Ga,mean,True
40370,rbf,function:gaussian,Caledonian,10.0,Ge,mean,True
40371,rbf,function:gaussian,Caledonian,10.0,Cs,mean,True
40372,rbf,function:gaussian,Caledonian,10.0,Rb,mean,True
40373,rbf,function:gaussian,Caledonian,10.0,Ba,mean,True
40374,rbf,function:gaussian,Caledonian,10.0,Th,mean,True
40375,rbf,function:gaussian,Caledonian,10.0,U,mean,True
40376,rbf,function:gaussian,Caledonian,10.0,Nb,mean,True
40377,rbf,function:gaussian,Caledonian,10.0,Ta,mean,True
40378,rbf,function:gaussian,Caledonian,10.0,Ti,mean,True
40379,rbf,function:gaussian,Caledonian,10.0,Pb,mean,True
40380,rbf,function:gaussian,Caledonian,10.0,Sr,mean,True
40381,rbf,function:gaussian,Caledonian,10.0,Zr,mean,True
40382,rbf,function:gaussian,Caledonian,10.0,Hf,mean,True
40383,rbf,function:gaussian,Caledonian,10.0,Li,mean,True
40384,rbf,function:gaussian,Caledonian,10.0,Be,mean,True
40385,rbf,function:gaussian,Caledonian,10.0,W,mean,True
40386,rbf,function:gaussian,Caledonian,10.0,Pt,mean,True
40387,rbf,function:gaussian,Caledonian,10.0,Os,mean,True
40388,rbf,function:gaussian,Caledonian,10.0,Ir,mean,True
40389,rbf,function:gaussian,Caledonian,10.0,Ru,mean,True
40390,rbf,function:gaussian,Caledonian,10.0,Rh,mean,True
40391,rbf,function:gaussian,Caledonian,10.0,Sn,mean,True
40392,rbf,function:gaussian,Caledonian,10.0,Mo,mean,True
40393,rbf,function:gaussian,Caledonian,10.0,87Sr/86Sr(m),mean,True
40394,rbf,function:gaussian,Caledonian,10.0,143Nd/144Nd(m),mean,True
40397,rbf,function:gaussian,Caledonian,10.0,206Pb/204Pb(m),mean,True
40398,rbf,function:linear,Caledonian,10.0,SiO2,mean,True
40399,rbf,function:linear,Caledonian,10.0,TiO2,mean,True
40400,rbf,function:linear,Caledonian,10.0,Al2O3,mean,True
40401,rbf,function:linear,Caledonian,10.0,Fe2O3,mean,True
40402,rbf,function:linear,Caledonian,10.0,FeO,mean,True
40403,rbf,function:linear,Caledonian,10.0,Fe2O3T,mean,True
40404,rbf,function:linear,Caledonian,10.0,FeOT,mean,True
40405,rbf,function:linear,Caledonian,10.0,MnO,mean,True
40406,rbf,function:linear,Caledonian,10.0,MgO,mean,True
40407,rbf,function:linear,Caledonian,10.0,CaO,mean,True
40408,rbf,function:linear,Caledonian,10.0,Na2O,mean,True
40409,rbf,function:linear,Caledonian,10.0,K2O,mean,True
40410,rbf,function:linear,Caledonian,10.0,P2O5,mean,True
40411,rbf,function:linear,Caledonian,10.0,CO2,mean,True
40412,rbf,function:linear,Caledonian,10.0,SO3,mean,True
40413,rbf,function:linear,Caledonian,10.0,F,mean,True
40414,rbf,function:linear,Caledonian,10.0,LOI,mean,True
40415,rbf,function:linear,Caledonian,10.0,La,mean,True
40416,rbf,function:linear,Caledonian,10.0,Ce,mean,True
40417,rbf,function:linear,Caledonian,10.0,Pr,mean,True
40418,rbf,function:linear,Caledonian,10.0,Nd,mean,True
40419,rbf,function:linear,Caledonian,10.0,Sm,mean,True
40420,rbf,function:linear,Caledonian,10.0,Eu,mean,True
40421,rbf,function:linear,Caledonian,10.0,Gd,mean,True
40422,rbf,function:linear,Caledonian,10.0,Tb,mean,True
40423,rbf,function:linear,Caledonian,10.0,Dy,mean,True
40424,rbf,function:linear,Caledonian,10.0,Ho,mean,True
40425,rbf,function:linear,Caledonian,10.0,Er,mean,True
40426,rbf,function:linear,Caledonian,10.0,Tm,mean,True
40427,rbf,function:linear,Caledonian,10.0,Yb,mean,True
40428,rbf,function:linear,Caledonian,10.0,Lu,mean,True
40429,rbf,function:linear,Caledonian,10.0,Y,mean,True
40430,rbf,function:linear,Caledonian,10.0,Sc,mean,True
40431,rbf,function:linear,Caledonian,10.0,V,mean,True
40432,rbf,function:linear,Caledonian,10.0,Cr,mean,True
40433,rbf,function:linear,Caledonian,10.0,Co,mean,True
40434,rbf,function:linear,Caledonian,10.0,Ni,mean,True
40435,rbf,function:linear,Caledonian,10.0,Mn,mean,True
40436,rbf,function:linear,Caledonian,10.0,Cu,mean,True
40437,rbf,function:linear,Caledonian,10.0,Zn,mean,True
40438,rbf,function:linear,Caledonian,10.0,Ga,mean,True
40439,rbf,function:linear,Caledonian,10.0,Ge,mean,True
40440,rbf,function:linear,Caledonian,10.0,Cs,mean,True
40441,rbf,function:linear,Caledonian,10.0,Rb,mean,True
40442,rbf,function:linear,Caledonian,10.0,Ba,mean,True
40443,rbf,function:linear,Caledonian,10.0,Th,mean,True
40444,rbf,function:linear,Caledonian,10.0,U,mean,True
40445,rbf,function:linear,Caledonian,10.0,Nb,mean,True
40446,rbf,function:linear,Caledonian,10.0,Ta,mean,True
40447,rbf,function:linear,Caledonian,10.0,Ti,mean,True
40448,rbf,function:linear,Caledonian,10.0,Pb,mean,True
40449,rbf,function:linear,Caledonian,10.0,Sr,mean,True
40450,rbf,function:linear,Caledonian,10.0,Zr,mean,True
40451,rbf,function:linear,Caledonian,10.0,Hf,mean,True
40452,rbf,function:linear,Caledonian,10.0,Li,mean,True
40453,rbf,function:linear,Caledonian,10.0,Be,mean,True
40454,rbf,function:linear,Caledonian,10.0,W,mean,True
40455,rbf,function:linear,Caledonian,10.0,Pt,mean,True
40456,rbf,function:linear,Caledonian,10.0,Os,mean,True
40457,rbf,function:linear,Caledonian,10.0,Ir,mean,True
40458,rbf,function:linear,Caledonian,10.0,Ru,mean,True
40459,rbf,function:linear,Caledonian,10.0,Rh,mean,True
40460,rbf,function:linear,Caledonian,10.0,Sn,mean,True
40461,rbf,function:linear,Caledonian,10.0,Mo,mean,True
40462,rbf,function:linear,Caledonian,10.0,87Sr/86Sr(m),mean,True
40463,rbf,function:linear,Caledonian,10.0,143Nd/144Nd(m),mean,True
40466,rbf,function:linear,Caledonian,10.0,206Pb/204Pb(m),mean,True
40467,triangle,,Caledonian,10.0,SiO2,mean,True
40468,triangle,,Caledonian,10.0,TiO2,mean,True
40469,triangle,,Caledonian,10.0,Al2O3,mean,True
40470,triangle,,Caledonian,10.0,Fe2O3,mean,True
40471,triangle,,Caledonian,10.0,FeO,mean,True
40472,triangle,,Caledonian,10.0,Fe2O3T,mean,True
40473,triangle,,Caledonian,10.0,FeOT,mean,True
40474,triangle,,Caledonian,10.0,MnO,mean,True
40475,triangle,,Caledonian,10.0,MgO,mean,True
40476,triangle,,Caledonian,10.0,CaO,mean,True
40477,triangle,,Caledonian,10.0,Na2O,mean,True
40478,triangle,,Caledonian,10.0,K2O,mean,True
40479,triangle,,Caledonian,10.0,P2O5,mean,True
40480,triangle,,Caledonian,10.0,CO2,mean,True
40481,triangle,,Caledonian,10.0,SO3,mean,True
40482,triangle,,Caledonian,10.0,F,mean,True
40483,triangle,,Caledonian,10.0,LOI,mean,True
40484,triangle,,Caledonian,10.0,La,mean,True
40485,triangle,,Caledonian,10.0,Ce,mean,True
40486,triangle,,Caledonian,10.0,Pr,mean,True
40487,triangle,,Caledonian,10.0,Nd,mean,True
40488,triangle,,Caledonian,10.0,Sm,mean,True
40489,triangle,,Caledonian,10.0,Eu,mean,True
40490,triangle,,Caledonian,10.0,Gd,mean,True
40491,triangle,,Caledonian,10.0,Tb,mean,True
40492,triangle,,Caledonian,10.0,Dy,mean,True
40493,triangle,,Caledonian,10.0,Ho,mean,True
40494,triangle,,Caledonian,10.0,Er,mean,True
40495,triangle,,Caledonian,10.0,Tm,mean,True
40496,triangle,,Caledonian,10.0,Yb,mean,True
40497,triangle,,Caledonian,10.0,Lu,mean,True
40498,triangle,,Caledonian,10.0,Y,mean,True
40499,triangle,,Caledonian,10.0,Sc,mean,True
40500,triangle,,Caledonian,10.0,V,mean,True
40501,triangle,,Caledonian,10.0,Cr,mean,True
40502,triangle,,Caledonian,10.0,Co,mean,True
40503,triangle,,Caledonian,10.0,Ni,mean,True
40504,triangle,,Caledonian,10.0,Mn,mean,True
40505,triangle,,Caledonian,10.0,Cu,mean,True
40506,triangle,,Caledonian,10.0,Zn,mean,True
40507,triangle,,Caledonian,10.0,Ga,mean,True
40508,triangle,,Caledonian,10.0,Ge,mean,True
40509,triangle,,Caledonian,10.0,Cs,mean,True
40510,triangle,,Caledonian,10.0,Rb,mean,True
40511,triangle,,Caledonian,10.0,Ba,mean,True
40512,triangle,,Caledonian,10.0,Th,mean,True
40513,triangle,,Caledonian,10.0,U,mean,True
40514,triangle,,Caledonian,10.0,Nb,mean,True
40515,triangle,,Caledonian,10.0,Ta,mean,True
40516,triangle,,Caledonian,10.0,Ti,mean,True
40517,triangle,,Caledonian,10.0,Pb,mean,True
40518,triangle,,Caledonian,10.0,Sr,mean,True
40519,triangle,,Caledonian,10.0,Zr,mean,True
40520,triangle,,Caledonian,10.0,Hf,mean,True
40521,triangle,,Caledonian,10.0,Li,mean,True
40522,triangle,,Caledonian,10.0,Be,mean,True
40523,triangle,,Caledonian,10.0,W,mean,True
40524,triangle,,Caledonian,10.0,Pt,mean,True
40525,triangle,,Caledonian,10.0,Os,mean,True
40526,triangle,,Caledonian,10.0,Ir,mean,True
40527,triangle,,Caledonian,10.0,Ru,mean,True
40528,triangle,,Caledonian,10.0,Rh,mean,True
40529,triangle,,Caledonian,10.0,Sn,mean,True
40530,triangle,,Caledonian,10.0,Mo,mean,True
40531,triangle,,Caledonian,10.0,87Sr/86Sr(m),mean,True
40532,triangle,,Caledonian,10.0,143Nd/144Nd(m),mean,True
40535,triangle,,Caledonian,10.0,206Pb/204Pb(m),mean,True
40536,min_curvature,,Caledonian,10.0,SiO2,mean,True
40537,min_curvature,,Caledonian,10.0,TiO2,mean,True
40538,min_curvature,,Caledonian,10.0,Al2O3,mean,True
40539,min_curvature,,Caledonian,10.0,Fe2O3,mean,True
40540,min_curvature,,Caledonian,10.0,FeO,mean,True
40541,min_curvature,,Caledonian,10.0,Fe2O3T,mean,True
40542,min_curvature,,Caledonian,10.0,FeOT,mean,True
40543,min_curvature,,Caledonian,10.0,MnO,mean,True
40544,min_curvature,,Caledonian,10.0,MgO,mean,True
40545,min_curvature,,Caledonian,10.0,CaO,mean,True
40546,min_curvature,,Caledonian,10.0,Na2O,mean,True
40547,min_curvature,,Caledonian,10.0,K2O,mean,True
40548,min_curvature,,Caledonian,10.0,P2O5,mean,True
40549,min_curvature,,Caledonian,10.0,CO2,mean,True
40550,min_curvature,,Caledonian,10.0,SO3,mean,True
40551,min_curvature,,Caledonian,10.0,F,mean,True
40552,min_curvature,,Caledonian,10.0,LOI,mean,True
40553,min_curvature,,Caledonian,10.0,La,mean,True
40554,min_curvature,,Caledonian,10.0,Ce,mean,True
40555,min_curvature,,Caledonian,10.0,Pr,mean,True
40556,min_curvature,,Caledonian,10.0,Nd,mean,True
40557,min_curvature,,Caledonian,10.0,Sm,mean,True
40558,min_curvature,,Caledonian,10.0,Eu,mean,True
40559,min_curvature,,Caledonian,10.0,Gd,mean,True
40560,min_curvature,,Caledonian,10.0,Tb,mean,True
40561,min_curvature,,Caledonian,10.0,Dy,mean,True
40562,min_curvature,,Caledonian,10.0,Ho,mean,True
40563,min_curvature,,Caledonian,10.0,Er,mean,True
40564,min_curvature,,Caledonian,10.0,Tm,mean,True
40565,min_curvature,,Caledonian,10.0,Yb,mean,True
40566,min_curvature,,Caledonian,10.0,Lu,mean,True
40567,min_curvature,,Caledonian,10.0,Y,mean,True
40568,min_curvature,,Caledonian,10.0,Sc,mean,True
40569,min_curvature,,Caledonian,10.0,V,mean,True
40570,min_curvature,,Caledonian,10.0,Cr,mean,True
40571,min_curvature,,Caledonian,10.0,Co,mean,True
40572,min_curvature,,Caledonian,10.0,Ni,mean,True
40573,min_curvature,,Caledonian,10.0,Mn,mean,True
40574,min_curvature,,Caledonian,10.0,Cu,mean,True
40575,min_curvature,,Caledonian,10.0,Zn,mean,True
40576,min_curvature,,Caledonian,10.0,Ga,mean,True
40577,min_curvature,,Caledonian,10.0,Ge,mean,True
40578,min_curvature,,Caledonian,10.0,Cs,mean,True
40579,min_curvature,,Caledonian,10.0,Rb,mean,True
40580,min_curvature,,Caledonian,10.0,Ba,mean,True
40581,min_curvature,,Caledonian,10.0,Th,mean,True
40582,min_curvature,,Caledonian,10.0,U,mean,True
40583,min_curvature,,Caledonian,10.0,Nb,mean,True
40584,min_curvature,,Caledonian,10.0,Ta,mean,True
40585,min_curvature,,Caledonian,10.0,Ti,mean,True
40586,min_curvature,,Caledonian,10.0,Pb,mean,True
40587,min_curvature,,Caledonian,10.0,Sr,mean,True
40588,min_curvature,,Caledonian,10.0,Zr,mean,True
40589,min_curvature,,Caledonian,10.0,Hf,mean,True
40590,min_curvature,,Caledonian,10.0,Li,mean,True
40591,min_curvature,,Caledonian,10.0,Be,mean,True
40592,min_curvature,,Caledonian,10.0,W,mean,True
40593,min_curvature,,Caledonian,10.0,Pt,mean,True
40594,min_curvature,,Caledonian,10.0,Os,mean,True
40595,min_curvature,,Caledonian,10.0,Ir,mean,True
40596,min_curvature,,Caledonian,10.0,Ru,mean,True
40597,min_curvature,,Caledonian,10.0,Rh,mean,True
40598,min_curvature,,Caledonian,10.0,Sn,mean,True
40599,min_curvature,,Caledonian,10.0,Mo,mean,True
40600,min_curvature,,Caledonian,10.0,87Sr/86Sr(m),mean,True
40601,min_curvature,,Caledonian,10.0,143Nd/144Nd(m),mean,True
40604,min_curvature,,Caledonian,10.0,206Pb/204Pb(m),mean,True
40605,DM,function:min,Caledonian,10.0,SiO2,mean,True
40606,DM,function:min,Caledonian,10.0,TiO2,mean,True
40607,DM,function:min,Caledonian,10.0,Al2O3,mean,True
40608,DM,function:min,Caledonian,10.0,Fe2O3,mean,True
40609,DM,function:min,Caledonian,10.0,FeO,mean,True
40610,DM,function:min,Caledonian,10.0,Fe2O3T,mean,True
40611,DM,function:min,Caledonian,10.0,FeOT,mean,True
40612,DM,function:min,Caledonian,10.0,MnO,mean,True
40613,DM,function:min,Caledonian,10.0,MgO,mean,True
40614,DM,function:min,Caledonian,10.0,CaO,mean,True
40615,DM,function:min,Caledonian,10.0,Na2O,mean,True
40616,DM,function:min,Caledonian,10.0,K2O,mean,True
40617,DM,function:min,Caledonian,10.0,P2O5,mean,True
40618,DM,function:min,Caledonian,10.0,CO2,mean,True
40619,DM,function:min,Caledonian,10.0,SO3,mean,True
40620,DM,function:min,Caledonian,10.0,F,mean,True
40621,DM,function:min,Caledonian,10.0,LOI,mean,True
40622,DM,function:min,Caledonian,10.0,La,mean,True
40623,DM,function:min,Caledonian,10.0,Ce,mean,True
40624,DM,function:min,Caledonian,10.0,Pr,mean,True
40625,DM,function:min,Caledonian,10.0,Nd,mean,True
40626,DM,function:min,Caledonian,10.0,Sm,mean,True
40627,DM,function:min,Caledonian,10.0,Eu,mean,True
40628,DM,function:min,Caledonian,10.0,Gd,mean,True
40629,DM,function:min,Caledonian,10.0,Tb,mean,True
40630,DM,function:min,Caledonian,10.0,Dy,mean,True
40631,DM,function:min,Caledonian,10.0,Ho,mean,True
40632,DM,function:min,Caledonian,10.0,Er,mean,True
40633,DM,function:min,Caledonian,10.0,Tm,mean,True
40634,DM,function:min,Caledonian,10.0,Yb,mean,True
40635,DM,function:min,Caledonian,10.0,Lu,mean,True
40636,DM,function:min,Caledonian,10.0,Y,mean,True
40637,DM,function:min,Caledonian,10.0,Sc,mean,True
40638,DM,function:min,Caledonian,10.0,V,mean,True
40639,DM,function:min,Caledonian,10.0,Cr,mean,True
40640,DM,function:min,Caledonian,10.0,Co,mean,True
40641,DM,function:min,Caledonian,10.0,Ni,mean,True
40642,DM,function:min,Caledonian,10.0,Mn,mean,True
40643,DM,function:min,Caledonian,10.0,Cu,mean,True
40644,DM,function:min,Caledonian,10.0,Zn,mean,True
40645,DM,function:min,Caledonian,10.0,Ga,mean,True
40646,DM,function:min,Caledonian,10.0,Ge,mean,True
40647,DM,function:min,Caledonian,10.0,Cs,mean,True
40648,DM,function:min,Caledonian,10.0,Rb,mean,True
40649,DM,function:min,Caledonian,10.0,Ba,mean,True
40650,DM,function:min,Caledonian,10.0,Th,mean,True
40651,DM,function:min,Caledonian,10.0,U,mean,True
40652,DM,function:min,Caledonian,10.0,Nb,mean,True
40653,DM,function:min,Caledonian,10.0,Ta,mean,True
40654,DM,function:min,Caledonian,10.0,Ti,mean,True
40655,DM,function:min,Caledonian,10.0,Pb,mean,True
40656,DM,function:min,Caledonian,10.0,Sr,mean,True
40657,DM,function:min,Caledonian,10.0,Zr,mean,True
40658,DM,function:min,Caledonian,10.0,Hf,mean,True
40659,DM,function:min,Caledonian,10.0,Li,mean,True
40660,DM,function:min,Caledonian,10.0,Be,mean,True
40661,DM,function:min,Caledonian,10.0,W,mean,True
40662,DM,function:min,Caledonian,10.0,Pt,mean,True
40663,DM,function:min,Caledonian,10.0,Os,mean,True
40664,DM,function:min,Caledonian,10.0,Ir,mean,True
40665,DM,function:min,Caledonian,10.0,Ru,mean,True
40666,DM,function:min,Caledonian,10.0,Rh,mean,True
40667,DM,function:min,Caledonian,10.0,Sn,mean,True
40668,DM,function:min,Caledonian,10.0,Mo,mean,True
40669,DM,function:min,Caledonian,10.0,87Sr/86Sr(m),mean,True
40670,DM,function:min,Caledonian,10.0,143Nd/144Nd(m),mean,True
40673,DM,function:min,Caledonian,10.0,206Pb/204Pb(m),mean,True
40674,DM,function:max,Caledonian,10.0,SiO2,mean,True
40675,DM,function:max,Caledonian,10.0,TiO2,mean,True
40676,DM,function:max,Caledonian,10.0,Al2O3,mean,True
40677,DM,function:max,Caledonian,10.0,Fe2O3,mean,True
40678,DM,function:max,Caledonian,10.0,FeO,mean,True
40679,DM,function:max,Caledonian,10.0,Fe2O3T,mean,True
40680,DM,function:max,Caledonian,10.0,FeOT,mean,True
40681,DM,function:max,Caledonian,10.0,MnO,mean,True
40682,DM,function:max,Caledonian,10.0,MgO,mean,True
40683,DM,function:max,Caledonian,10.0,CaO,mean,True
40684,DM,function:max,Caledonian,10.0,Na2O,mean,True
40685,DM,function:max,Caledonian,10.0,K2O,mean,True
40686,DM,function:max,Caledonian,10.0,P2O5,mean,True
40687,DM,function:max,Caledonian,10.0,CO2,mean,True
40688,DM,function:max,Caledonian,10.0,SO3,mean,True
40689,DM,function:max,Caledonian,10.0,F,mean,True
40690,DM,function:max,Caledonian,10.0,LOI,mean,True
40691,DM,function:max,Caledonian,10.0,La,mean,True
40692,DM,function:max,Caledonian,10.0,Ce,mean,True
40693,DM,function:max,Caledonian,10.0,Pr,mean,True
40694,DM,function:max,Caledonian,10.0,Nd,mean,True
40695,DM,function:max,Caledonian,10.0,Sm,mean,True
40696,DM,function:max,Caledonian,10.0,Eu,mean,True
40697,DM,function:max,Caledonian,10.0,Gd,mean,True
40698,DM,function:max,Caledonian,10.0,Tb,mean,True
40699,DM,function:max,Caledonian,10.0,Dy,mean,True
40700,DM,function:max,Caledonian,10.0,Ho,mean,True
40701,DM,function:max,Caledonian,10.0,Er,mean,True
40702,DM,function:max,Caledonian,10.0,Tm,mean,True
40703,DM,function:max,Caledonian,10.0,Yb,mean,True
40704,DM,function:max,Caledonian,10.0,Lu,mean,True
40705,DM,function:max,Caledonian,10.0,Y,mean,True
40706,DM,function:max,Caledonian,10.0,Sc,mean,True
40707,DM,function:max,Caledonian,10.0,V,mean,True
40708,DM,function:max,Caledonian,10.0,Cr,mean,True
40709,DM,function:max,Caledonian,10.0,Co,mean,True
40710,DM,function:max,Caledonian,10.0,Ni,mean,True
40711,DM,function:max,Caledonian,10.0,Mn,mean,True
40712,DM,function:max,Caledonian,10.0,Cu,mean,True
40713,DM,function:max,Caledonian,10.0,Zn,mean,True
40714,DM,function:max,Caledonian,10.0,Ga,mean,True
40715,DM,function:max,Caledonian,10.0,Ge,mean,True
40716,DM,function:max,Caledonian,10.0,Cs,mean,True
40717,DM,function:max,Caledonian,10.0,Rb,mean,True
40718,DM,function:max,Caledonian,10.0,Ba,mean,True
40719,DM,function:max,Caledonian,10.0,Th,mean,True
40720,DM,function:max,Caledonian,10.0,U,mean,True
40721,DM,function:max,Caledonian,10.0,Nb,mean,True
40722,DM,function:max,Caledonian,10.0,Ta,mean,True
40723,DM,function:max,Caledonian,10.0,Ti,mean,True
40724,DM,function:max,Caledonian,10.0,Pb,mean,True
40725,DM,function:max,Caledonian,10.0,Sr,mean,True
40726,DM,function:max,Caledonian,10.0,Zr,mean,True
40727,DM,function:max,Caledonian,10.0,Hf,mean,True
40728,DM,function:max,Caledonian,10.0,Li,mean,True
40729,DM,function:max,Caledonian,10.0,Be,mean,True
40730,DM,function:max,Caledonian,10.0,W,mean,True
40731,DM,function:max,Caledonian,10.0,Pt,mean,True
40732,DM,function:max,Caledonian,10.0,Os,mean,True
40733,DM,function:max,Caledonian,10.0,Ir,mean,True
40734,DM,function:max,Caledonian,10.0,Ru,mean,True
40735,DM,function:max,Caledonian,10.0,Rh,mean,True
40736,DM,function:max,Caledonian,10.0,Sn,mean,True
40737,DM,function:max,Caledonian,10.0,Mo,mean,True
40738,DM,function:max,Caledonian,10.0,87Sr/86Sr(m),mean,True
40739,DM,function:max,Caledonian,10.0,143Nd/144Nd(m),mean,True
40742,DM,function:max,Caledonian,10.0,206Pb/204Pb(m),mean,True
40743,DM,function:Q1,Caledonian,10.0,SiO2,mean,True
40744,DM,function:Q1,Caledonian,10.0,TiO2,mean,True
40745,DM,function:Q1,Caledonian,10.0,Al2O3,mean,True
40746,DM,function:Q1,Caledonian,10.0,Fe2O3,mean,True
40747,DM,function:Q1,Caledonian,10.0,FeO,mean,True
40748,DM,function:Q1,Caledonian,10.0,Fe2O3T,mean,True
40749,DM,function:Q1,Caledonian,10.0,FeOT,mean,True
40750,DM,function:Q1,Caledonian,10.0,MnO,mean,True
40751,DM,function:Q1,Caledonian,10.0,MgO,mean,True
40752,DM,function:Q1,Caledonian,10.0,CaO,mean,True
40753,DM,function:Q1,Caledonian,10.0,Na2O,mean,True
40754,DM,function:Q1,Caledonian,10.0,K2O,mean,True
40755,DM,function:Q1,Caledonian,10.0,P2O5,mean,True
40756,DM,function:Q1,Caledonian,10.0,CO2,mean,True
40757,DM,function:Q1,Caledonian,10.0,SO3,mean,True
40758,DM,function:Q1,Caledonian,10.0,F,mean,True
40759,DM,function:Q1,Caledonian,10.0,LOI,mean,True
40760,DM,function:Q1,Caledonian,10.0,La,mean,True
40761,DM,function:Q1,Caledonian,10.0,Ce,mean,True
40762,DM,function:Q1,Caledonian,10.0,Pr,mean,True
40763,DM,function:Q1,Caledonian,10.0,Nd,mean,True
40764,DM,function:Q1,Caledonian,10.0,Sm,mean,True
40765,DM,function:Q1,Caledonian,10.0,Eu,mean,True
40766,DM,function:Q1,Caledonian,10.0,Gd,mean,True
40767,DM,function:Q1,Caledonian,10.0,Tb,mean,True
40768,DM,function:Q1,Caledonian,10.0,Dy,mean,True
40769,DM,function:Q1,Caledonian,10.0,Ho,mean,True
40770,DM,function:Q1,Caledonian,10.0,Er,mean,True
40771,DM,function:Q1,Caledonian,10.0,Tm,mean,True
40772,DM,function:Q1,Caledonian,10.0,Yb,mean,True
40773,DM,function:Q1,Caledonian,10.0,Lu,mean,True
40774,DM,function:Q1,Caledonian,10.0,Y,mean,True
40775,DM,function:Q1,Caledonian,10.0,Sc,mean,True
40776,DM,function:Q1,Caledonian,10.0,V,mean,True
40777,DM,function:Q1,Caledonian,10.0,Cr,mean,True
40778,DM,function:Q1,Caledonian,10.0,Co,mean,True
40779,DM,function:Q1,Caledonian,10.0,Ni,mean,True
40780,DM,function:Q1,Caledonian,10.0,Mn,mean,True
40781,DM,function:Q1,Caledonian,10.0,Cu,mean,True
40782,DM,function:Q1,Caledonian,10.0,Zn,mean,True
40783,DM,function:Q1,Caledonian,10.0,Ga,mean,True
40784,DM,function:Q1,Caledonian,10.0,Ge,mean,True
40785,DM,function:Q1,Caledonian,10.0,Cs,mean,True
40786,DM,function:Q1,Caledonian,10.0,Rb,mean,True
40787,DM,function:Q1,Caledonian,10.0,Ba,mean,True
40788,DM,function:Q1,Caledonian,10.0,Th,mean,True
40789,DM,function:Q1,Caledonian,10.0,U,mean,True
40790,DM,function:Q1,Caledonian,10.0,Nb,mean,True
40791,DM,function:Q1,Caledonian,10.0,Ta,mean,True
40792,DM,function:Q1,Caledonian,10.0,Ti,mean,True
40793,DM,function:Q1,Caledonian,10.0,Pb,mean,True
40794,DM,function:Q1,Caledonian,10.0,Sr,mean,True
40795,DM,function:Q1,Caledonian,10.0,Zr,mean,True
40796,DM,function:Q1,Caledonian,10.0,Hf,mean,True
40797,DM,function:Q1,Caledonian,10.0,Li,mean,True
40798,DM,function:Q1,Caledonian,10.0,Be,mean,True
40799,DM,function:Q1,Caledonian,10.0,W,mean,True
40800,DM,function:Q1,Caledonian,10.0,Pt,mean,True
40801,DM,function:Q1,Caledonian,10.0,Os,mean,True
40802,DM,function:Q1,Caledonian,10.0,Ir,mean,True
40803,DM,function:Q1,Caledonian,10.0,Ru,mean,True
40804,DM,function:Q1,Caledonian,10.0,Rh,mean,True
40805,DM,function:Q1,Caledonian,10.0,Sn,mean,True
40806,DM,function:Q1,Caledonian,10.0,Mo,mean,True
40807,DM,function:Q1,Caledonian,10.0,87Sr/86Sr(m),mean,True
40808,DM,function:Q1,Caledonian,10.0,143Nd/144Nd(m),mean,True
40811,DM,function:Q1,Caledonian,10.0,206Pb/204Pb(m),mean,True
40812,DM,function:Q3,Caledonian,10.0,SiO2,mean,True
40813,DM,function:Q3,Caledonian,10.0,TiO2,mean,True
40814,DM,function:Q3,Caledonian,10.0,Al2O3,mean,True
40815,DM,function:Q3,Caledonian,10.0,Fe2O3,mean,True
40816,DM,function:Q3,Caledonian,10.0,FeO,mean,True
40817,DM,function:Q3,Caledonian,10.0,Fe2O3T,mean,True
40818,DM,function:Q3,Caledonian,10.0,FeOT,mean,True
40819,DM,function:Q3,Caledonian,10.0,MnO,mean,True
40820,DM,function:Q3,Caledonian,10.0,MgO,mean,True
40821,DM,function:Q3,Caledonian,10.0,CaO,mean,True
40822,DM,function:Q3,Caledonian,10.0,Na2O,mean,True
40823,DM,function:Q3,Caledonian,10.0,K2O,mean,True
40824,DM,function:Q3,Caledonian,10.0,P2O5,mean,True
40825,DM,function:Q3,Caledonian,10.0,CO2,mean,True
40826,DM,function:Q3,Caledonian,10.0,SO3,mean,True
40827,DM,function:Q3,Caledonian,10.0,F,mean,True
40828,DM,function:Q3,Caledonian,10.0,LOI,mean,True
40829,DM,function:Q3,Caledonian,10.0,La,mean,True
40830,DM,function:Q3,Caledonian,10.0,Ce,mean,True
40831,DM,function:Q3,Caledonian,10.0,Pr,mean,True
40832,DM,function:Q3,Caledonian,10.0,Nd,mean,True
40833,DM,function:Q3,Caledonian,10.0,Sm,mean,True
40834,DM,function:Q3,Caledonian,10.0,Eu,mean,True
40835,DM,function:Q3,Caledonian,10.0,Gd,mean,True
40836,DM,function:Q3,Caledonian,10.0,Tb,mean,True
40837,DM,function:Q3,Caledonian,10.0,Dy,mean,True
40838,DM,function:Q3,Caledonian,10.0,Ho,mean,True
40839,DM,function:Q3,Caledonian,10.0,Er,mean,True
40840,DM,function:Q3,Caledonian,10.0,Tm,mean,True
40841,DM,function:Q3,Caledonian,10.0,Yb,mean,True
40842,DM,function:Q3,Caledonian,10.0,Lu,mean,True
40843,DM,function:Q3,Caledonian,10.0,Y,mean,True
40844,DM,function:Q3,Caledonian,10.0,Sc,mean,True
40845,DM,function:Q3,Caledonian,10.0,V,mean,True
40846,DM,function:Q3,Caledonian,10.0,Cr,mean,True
40847,DM,function:Q3,Caledonian,10.0,Co,mean,True
40848,DM,function:Q3,Caledonian,10.0,Ni,mean,True
40849,DM,function:Q3,Caledonian,10.0,Mn,mean,True
40850,DM,function:Q3,Caledonian,10.0,Cu,mean,True
40851,DM,function:Q3,Caledonian,10.0,Zn,mean,True
40852,DM,function:Q3,Caledonian,10.0,Ga,mean,True
40853,DM,function:Q3,Caledonian,10.0,Ge,mean,True
40854,DM,function:Q3,Caledonian,10.0,Cs,mean,True
40855,DM,function:Q3,Caledonian,10.0,Rb,mean,True
40856,DM,function:Q3,Caledonian,10.0,Ba,mean,True
40857,DM,function:Q3,Caledonian,10.0,Th,mean,True
40858,DM,function:Q3,Caledonian,10.0,U,mean,True
40859,DM,function:Q3,Caledonian,10.0,Nb,mean,True
40860,DM,function:Q3,Caledonian,10.0,Ta,mean,True
40861,DM,function:Q3,Caledonian,10.0,Ti,mean,True
40862,DM,function:Q3,Caledonian,10.0,Pb,mean,True
40863,DM,function:Q3,Caledonian,10.0,Sr,mean,True
40864,DM,function:Q3,Caledonian,10.0,Zr,mean,True
40865,DM,function:Q3,Caledonian,10.0,Hf,mean,True
40866,DM,function:Q3,Caledonian,10.0,Li,mean,True
40867,DM,function:Q3,Caledonian,10.0,Be,mean,True
40868,DM,function:Q3,Caledonian,10.0,W,mean,True
40869,DM,function:Q3,Caledonian,10.0,Pt,mean,True
40870,DM,function:Q3,Caledonian,10.0,Os,mean,True
40871,DM,function:Q3,Caledonian,10.0,Ir,mean,True
40872,DM,function:Q3,Caledonian,10.0,Ru,mean,True
40873,DM,function:Q3,Caledonian,10.0,Rh,mean,True
40874,DM,function:Q3,Caledonian,10.0,Sn,mean,True
40875,DM,function:Q3,Caledonian,10.0,Mo,mean,True
40876,DM,function:Q3,Caledonian,10.0,87Sr/86Sr(m),mean,True
40877,DM,function:Q3,Caledonian,10.0,143Nd/144Nd(m),mean,True
40880,DM,function:Q3,Caledonian,10.0,206Pb/204Pb(m),mean,True
40881,DM,function:mean,Caledonian,10.0,SiO2,mean,True
40882,DM,function:mean,Caledonian,10.0,TiO2,mean,True
40883,DM,function:mean,Caledonian,10.0,Al2O3,mean,True
40884,DM,function:mean,Caledonian,10.0,Fe2O3,mean,True
40885,DM,function:mean,Caledonian,10.0,FeO,mean,True
40886,DM,function:mean,Caledonian,10.0,Fe2O3T,mean,True
40887,DM,function:mean,Caledonian,10.0,FeOT,mean,True
40888,DM,function:mean,Caledonian,10.0,MnO,mean,True
40889,DM,function:mean,Caledonian,10.0,MgO,mean,True
40890,DM,function:mean,Caledonian,10.0,CaO,mean,True
40891,DM,function:mean,Caledonian,10.0,Na2O,mean,True
40892,DM,function:mean,Caledonian,10.0,K2O,mean,True
40893,DM,function:mean,Caledonian,10.0,P2O5,mean,True
40894,DM,function:mean,Caledonian,10.0,CO2,mean,True
40895,DM,function:mean,Caledonian,10.0,SO3,mean,True
40896,DM,function:mean,Caledonian,10.0,F,mean,True
40897,DM,function:mean,Caledonian,10.0,LOI,mean,True
40898,DM,function:mean,Caledonian,10.0,La,mean,True
40899,DM,function:mean,Caledonian,10.0,Ce,mean,True
40900,DM,function:mean,Caledonian,10.0,Pr,mean,True
40901,DM,function:mean,Caledonian,10.0,Nd,mean,True
40902,DM,function:mean,Caledonian,10.0,Sm,mean,True
40903,DM,function:mean,Caledonian,10.0,Eu,mean,True
40904,DM,function:mean,Caledonian,10.0,Gd,mean,True
40905,DM,function:mean,Caledonian,10.0,Tb,mean,True
40906,DM,function:mean,Caledonian,10.0,Dy,mean,True
40907,DM,function:mean,Caledonian,10.0,Ho,mean,True
40908,DM,function:mean,Caledonian,10.0,Er,mean,True
40909,DM,function:mean,Caledonian,10.0,Tm,mean,True
40910,DM,function:mean,Caledonian,10.0,Yb,mean,True
40911,DM,function:mean,Caledonian,10.0,Lu,mean,True
40912,DM,function:mean,Caledonian,10.0,Y,mean,True
40913,DM,function:mean,Caledonian,10.0,Sc,mean,True
40914,DM,function:mean,Caledonian,10.0,V,mean,True
40915,DM,function:mean,Caledonian,10.0,Cr,mean,True
40916,DM,function:mean,Caledonian,10.0,Co,mean,True
40917,DM,function:mean,Caledonian,10.0,Ni,mean,True
40918,DM,function:mean,Caledonian,10.0,Mn,mean,True
40919,DM,function:mean,Caledonian,10.0,Cu,mean,True
40920,DM,function:mean,Caledonian,10.0,Zn,mean,True
40921,DM,function:mean,Caledonian,10.0,Ga,mean,True
40922,DM,function:mean,Caledonian,10.0,Ge,mean,True
40923,DM,function:mean,Caledonian,10.0,Cs,mean,True
40924,DM,function:mean,Caledonian,10.0,Rb,mean,True
40925,DM,function:mean,Caledonian,10.0,Ba,mean,True
40926,DM,function:mean,Caledonian,10.0,Th,mean,True
40927,DM,function:mean,Caledonian,10.0,U,mean,True
40928,DM,function:mean,Caledonian,10.0,Nb,mean,True
40929,DM,function:mean,Caledonian,10.0,Ta,mean,True
40930,DM,function:mean,Caledonian,10.0,Ti,mean,True
40931,DM,function:mean,Caledonian,10.0,Pb,mean,True
40932,DM,function:mean,Caledonian,10.0,Sr,mean,True
40933,DM,function:mean,Caledonian,10.0,Zr,mean,True
40934,DM,function:mean,Caledonian,10.0,Hf,mean,True
40935,DM,function:mean,Caledonian,10.0,Li,mean,True
40936,DM,function:mean,Caledonian,10.0,Be,mean,True
40937,DM,function:mean,Caledonian,10.0,W,mean,True
40938,DM,function:mean,Caledonian,10.0,Pt,mean,True
40939,DM,function:mean,Caledonian,10.0,Os,mean,True
40940,DM,function:mean,Caledonian,10.0,Ir,mean,True
40941,DM,function:mean,Caledonian,10.0,Ru,mean,True
40942,DM,function:mean,Caledonian,10.0,Rh,mean,True
40943,DM,function:mean,Caledonian,10.0,Sn,mean,True
40944,DM,function:mean,Caledonian,10.0,Mo,mean,True
40945,DM,function:mean,Caledonian,10.0,87Sr/86Sr(m),mean,True
40946,DM,function:mean,Caledonian,10.0,143Nd/144Nd(m),mean,True
40949,DM,function:mean,Caledonian,10.0,206Pb/204Pb(m),mean,True
40950,DM,function:var,Caledonian,10.0,SiO2,mean,True
40951,DM,function:var,Caledonian,10.0,TiO2,mean,True
40952,DM,function:var,Caledonian,10.0,Al2O3,mean,True
40953,DM,function:var,Caledonian,10.0,Fe2O3,mean,True
40954,DM,function:var,Caledonian,10.0,FeO,mean,True
40955,DM,function:var,Caledonian,10.0,Fe2O3T,mean,True
40956,DM,function:var,Caledonian,10.0,FeOT,mean,True
40957,DM,function:var,Caledonian,10.0,MnO,mean,True
40958,DM,function:var,Caledonian,10.0,MgO,mean,True
40959,DM,function:var,Caledonian,10.0,CaO,mean,True
40960,DM,function:var,Caledonian,10.0,Na2O,mean,True
40961,DM,function:var,Caledonian,10.0,K2O,mean,True
40962,DM,function:var,Caledonian,10.0,P2O5,mean,True
40963,DM,function:var,Caledonian,10.0,CO2,mean,True
40964,DM,function:var,Caledonian,10.0,SO3,mean,True
40965,DM,function:var,Caledonian,10.0,F,mean,True
40966,DM,function:var,Caledonian,10.0,LOI,mean,True
40967,DM,function:var,Caledonian,10.0,La,mean,True
40968,DM,function:var,Caledonian,10.0,Ce,mean,True
40969,DM,function:var,Caledonian,10.0,Pr,mean,True
40970,DM,function:var,Caledonian,10.0,Nd,mean,True
40971,DM,function:var,Caledonian,10.0,Sm,mean,True
40972,DM,function:var,Caledonian,10.0,Eu,mean,True
40973,DM,function:var,Caledonian,10.0,Gd,mean,True
40974,DM,function:var,Caledonian,10.0,Tb,mean,True
40975,DM,function:var,Caledonian,10.0,Dy,mean,True
40976,DM,function:var,Caledonian,10.0,Ho,mean,True
40977,DM,function:var,Caledonian,10.0,Er,mean,True
40978,DM,function:var,Caledonian,10.0,Tm,mean,True
40979,DM,function:var,Caledonian,10.0,Yb,mean,True
40980,DM,function:var,Caledonian,10.0,Lu,mean,True
40981,DM,function:var,Caledonian,10.0,Y,mean,True
40982,DM,function:var,Caledonian,10.0,Sc,mean,True
40983,DM,function:var,Caledonian,10.0,V,mean,True
40984,DM,function:var,Caledonian,10.0,Cr,mean,True
40985,DM,function:var,Caledonian,10.0,Co,mean,True
40986,DM,function:var,Caledonian,10.0,Ni,mean,True
40987,DM,function:var,Caledonian,10.0,Mn,mean,True
40988,DM,function:var,Caledonian,10.0,Cu,mean,True
40989,DM,function:var,Caledonian,10.0,Zn,mean,True
40990,DM,function:var,Caledonian,10.0,Ga,mean,True
40991,DM,function:var,Caledonian,10.0,Ge,mean,True
40992,DM,function:var,Caledonian,10.0,Cs,mean,True
40993,DM,function:var,Caledonian,10.0,Rb,mean,True
40994,DM,function:var,Caledonian,10.0,Ba,mean,True
40995,DM,function:var,Caledonian,10.0,Th,mean,True
40996,DM,function:var,Caledonian,10.0,U,mean,True
40997,DM,function:var,Caledonian,10.0,Nb,mean,True
40998,DM,function:var,Caledonian,10.0,Ta,mean,True
40999,DM,function:var,Caledonian,10.0,Ti,mean,True
41000,DM,function:var,Caledonian,10.0,Pb,mean,True
41001,DM,function:var,Caledonian,10.0,Sr,mean,True
41002,DM,function:var,Caledonian,10.0,Zr,mean,True
41003,DM,function:var,Caledonian,10.0,Hf,mean,True
41004,DM,function:var,Caledonian,10.0,Li,mean,True
41005,DM,function:var,Caledonian,10.0,Be,mean,True
41006,DM,function:var,Caledonian,10.0,W,mean,True
41007,DM,function:var,Caledonian,10.0,Pt,mean,True
41008,DM,function:var,Caledonian,10.0,Os,mean,True
41009,DM,function:var,Caledonian,10.0,Ir,mean,True
41010,DM,function:var,Caledonian,10.0,Ru,mean,True
41011,DM,function:var,Caledonian,10.0,Rh,mean,True
41012,DM,function:var,Caledonian,10.0,Sn,mean,True
41013,DM,function:var,Caledonian,10.0,Mo,mean,True
41014,DM,function:var,Caledonian,10.0,87Sr/86Sr(m),mean,True
41015,DM,function:var,Caledonian,10.0,143Nd/144Nd(m),mean,True
41018,DM,function:var,Caledonian,10.0,206Pb/204Pb(m),mean,True
41019,DM,function:std,Caledonian,10.0,SiO2,mean,True
41020,DM,function:std,Caledonian,10.0,TiO2,mean,True
41021,DM,function:std,Caledonian,10.0,Al2O3,mean,True
41022,DM,function:std,Caledonian,10.0,Fe2O3,mean,True
41023,DM,function:std,Caledonian,10.0,FeO,mean,True
41024,DM,function:std,Caledonian,10.0,Fe2O3T,mean,True
41025,DM,function:std,Caledonian,10.0,FeOT,mean,True
41026,DM,function:std,Caledonian,10.0,MnO,mean,True
41027,DM,function:std,Caledonian,10.0,MgO,mean,True
41028,DM,function:std,Caledonian,10.0,CaO,mean,True
41029,DM,function:std,Caledonian,10.0,Na2O,mean,True
41030,DM,function:std,Caledonian,10.0,K2O,mean,True
41031,DM,function:std,Caledonian,10.0,P2O5,mean,True
41032,DM,function:std,Caledonian,10.0,CO2,mean,True
41033,DM,function:std,Caledonian,10.0,SO3,mean,True
41034,DM,function:std,Caledonian,10.0,F,mean,True
41035,DM,function:std,Caledonian,10.0,LOI,mean,True
41036,DM,function:std,Caledonian,10.0,La,mean,True
41037,DM,function:std,Caledonian,10.0,Ce,mean,True
41038,DM,function:std,Caledonian,10.0,Pr,mean,True
41039,DM,function:std,Caledonian,10.0,Nd,mean,True
41040,DM,function:std,Caledonian,10.0,Sm,mean,True
41041,DM,function:std,Caledonian,10.0,Eu,mean,True
41042,DM,function:std,Caledonian,10.0,Gd,mean,True
41043,DM,function:std,Caledonian,10.0,Tb,mean,True
41044,DM,function:std,Caledonian,10.0,Dy,mean,True
41045,DM,function:std,Caledonian,10.0,Ho,mean,True
41046,DM,function:std,Caledonian,10.0,Er,mean,True
41047,DM,function:std,Caledonian,10.0,Tm,mean,True
41048,DM,function:std,Caledonian,10.0,Yb,mean,True
41049,DM,function:std,Caledonian,10.0,Lu,mean,True
41050,DM,function:std,Caledonian,10.0,Y,mean,True
41051,DM,function:std,Caledonian,10.0,Sc,mean,True
41052,DM,function:std,Caledonian,10.0,V,mean,True
41053,DM,function:std,Caledonian,10.0,Cr,mean,True
41054,DM,function:std,Caledonian,10.0,Co,mean,True
41055,DM,function:std,Caledonian,10.0,Ni,mean,True
41056,DM,function:std,Caledonian,10.0,Mn,mean,True
41057,DM,function:std,Caledonian,10.0,Cu,mean,True
41058,DM,function:std,Caledonian,10.0,Zn,mean,True
41059,DM,function:std,Caledonian,10.0,Ga,mean,True
41060,DM,function:std,Caledonian,10.0,Ge,mean,True
41061,DM,function:std,Caledonian,10.0,Cs,mean,True
41062,DM,function:std,Caledonian,10.0,Rb,mean,True
41063,DM,function:std,Caledonian,10.0,Ba,mean,True
41064,DM,function:std,Caledonian,10.0,Th,mean,True
41065,DM,function:std,Caledonian,10.0,U,mean,True
41066,DM,function:std,Caledonian,10.0,Nb,mean,True
41067,DM,function:std,Caledonian,10.0,Ta,mean,True
41068,DM,function:std,Caledonian,10.0,Ti,mean,True
41069,DM,function:std,Caledonian,10.0,Pb,mean,True
41070,DM,function:std,Caledonian,10.0,Sr,mean,True
41071,DM,function:std,Caledonian,10.0,Zr,mean,True
41072,DM,function:std,Caledonian,10.0,Hf,mean,True
41073,DM,function:std,Caledonian,10.0,Li,mean,True
41074,DM,function:std,Caledonian,10.0,Be,mean,True
41075,DM,function:std,Caledonian,10.0,W,mean,True
41076,DM,function:std,Caledonian,10.0,Pt,mean,True
41077,DM,function:std,Caledonian,10.0,Os,mean,True
41078,DM,function:std,Caledonian,10.0,Ir,mean,True
41079,DM,function:std,Caledonian,10.0,Ru,mean,True
41080,DM,function:std,Caledonian,10.0,Rh,mean,True
41081,DM,function:std,Caledonian,10.0,Sn,mean,True
41082,DM,function:std,Caledonian,10.0,Mo,mean,True
41083,DM,function:std,Caledonian,10.0,87Sr/86Sr(m),mean,True
41084,DM,function:std,Caledonian,10.0,143Nd/144Nd(m),mean,True
41087,DM,function:std,Caledonian,10.0,206Pb/204Pb(m),mean,True
41088,DM,function:median,Caledonian,10.0,SiO2,mean,True
41089,DM,function:median,Caledonian,10.0,TiO2,mean,True
41090,DM,function:median,Caledonian,10.0,Al2O3,mean,True
41091,DM,function:median,Caledonian,10.0,Fe2O3,mean,True
41092,DM,function:median,Caledonian,10.0,FeO,mean,True
41093,DM,function:median,Caledonian,10.0,Fe2O3T,mean,True
41094,DM,function:median,Caledonian,10.0,FeOT,mean,True
41095,DM,function:median,Caledonian,10.0,MnO,mean,True
41096,DM,function:median,Caledonian,10.0,MgO,mean,True
41097,DM,function:median,Caledonian,10.0,CaO,mean,True
41098,DM,function:median,Caledonian,10.0,Na2O,mean,True
41099,DM,function:median,Caledonian,10.0,K2O,mean,True
41100,DM,function:median,Caledonian,10.0,P2O5,mean,True
41101,DM,function:median,Caledonian,10.0,CO2,mean,True
41102,DM,function:median,Caledonian,10.0,SO3,mean,True
41103,DM,function:median,Caledonian,10.0,F,mean,True
41104,DM,function:median,Caledonian,10.0,LOI,mean,True
41105,DM,function:median,Caledonian,10.0,La,mean,True
41106,DM,function:median,Caledonian,10.0,Ce,mean,True
41107,DM,function:median,Caledonian,10.0,Pr,mean,True
41108,DM,function:median,Caledonian,10.0,Nd,mean,True
41109,DM,function:median,Caledonian,10.0,Sm,mean,True
41110,DM,function:median,Caledonian,10.0,Eu,mean,True
41111,DM,function:median,Caledonian,10.0,Gd,mean,True
41112,DM,function:median,Caledonian,10.0,Tb,mean,True
41113,DM,function:median,Caledonian,10.0,Dy,mean,True
41114,DM,function:median,Caledonian,10.0,Ho,mean,True
41115,DM,function:median,Caledonian,10.0,Er,mean,True
41116,DM,function:median,Caledonian,10.0,Tm,mean,True
41117,DM,function:median,Caledonian,10.0,Yb,mean,True
41118,DM,function:median,Caledonian,10.0,Lu,mean,True
41119,DM,function:median,Caledonian,10.0,Y,mean,True
41120,DM,function:median,Caledonian,10.0,Sc,mean,True
41121,DM,function:median,Caledonian,10.0,V,mean,True
41122,DM,function:median,Caledonian,10.0,Cr,mean,True
41123,DM,function:median,Caledonian,10.0,Co,mean,True
41124,DM,function:median,Caledonian,10.0,Ni,mean,True
41125,DM,function:median,Caledonian,10.0,Mn,mean,True
41126,DM,function:median,Caledonian,10.0,Cu,mean,True
41127,DM,function:median,Caledonian,10.0,Zn,mean,True
41128,DM,function:median,Caledonian,10.0,Ga,mean,True
41129,DM,function:median,Caledonian,10.0,Ge,mean,True
41130,DM,function:median,Caledonian,10.0,Cs,mean,True
41131,DM,function:median,Caledonian,10.0,Rb,mean,True
41132,DM,function:median,Caledonian,10.0,Ba,mean,True
41133,DM,function:median,Caledonian,10.0,Th,mean,True
41134,DM,function:median,Caledonian,10.0,U,mean,True
41135,DM,function:median,Caledonian,10.0,Nb,mean,True
41136,DM,function:median,Caledonian,10.0,Ta,mean,True
41137,DM,function:median,Caledonian,10.0,Ti,mean,True
41138,DM,function:median,Caledonian,10.0,Pb,mean,True
41139,DM,function:median,Caledonian,10.0,Sr,mean,True
41140,DM,function:median,Caledonian,10.0,Zr,mean,True
41141,DM,function:median,Caledonian,10.0,Hf,mean,True
41142,DM,function:median,Caledonian,10.0,Li,mean,True
41143,DM,function:median,Caledonian,10.0,Be,mean,True
41144,DM,function:median,Caledonian,10.0,W,mean,True
41145,DM,function:median,Caledonian,10.0,Pt,mean,True
41146,DM,function:median,Caledonian,10.0,Os,mean,True
41147,DM,function:median,Caledonian,10.0,Ir,mean,True
41148,DM,function:median,Caledonian,10.0,Ru,mean,True
41149,DM,function:median,Caledonian,10.0,Rh,mean,True
41150,DM,function:median,Caledonian,10.0,Sn,mean,True
41151,DM,function:median,Caledonian,10.0,Mo,mean,True
41152,DM,function:median,Caledonian,10.0,87Sr/86Sr(m),mean,True
41153,DM,function:median,Caledonian,10.0,143Nd/144Nd(m),mean,True
41156,DM,function:median,Caledonian,10.0,206Pb/204Pb(m),mean,True
41157,natural_neighbor,,Caledonian,10.0,SiO2,mean,True
41158,natural_neighbor,,Caledonian,10.0,TiO2,mean,True
41159,natural_neighbor,,Caledonian,10.0,Al2O3,mean,True
41160,natural_neighbor,,Caledonian,10.0,Fe2O3,mean,True
41161,natural_neighbor,,Caledonian,10.0,FeO,mean,True
41162,natural_neighbor,,Caledonian,10.0,Fe2O3T,mean,True
41163,natural_neighbor,,Caledonian,10.0,FeOT,mean,True
41164,natural_neighbor,,Caledonian,10.0,MnO,mean,True
41165,natural_neighbor,,Caledonian,10.0,MgO,mean,True
41166,natural_neighbor,,Caledonian,10.0,CaO,mean,True
41167,natural_neighbor,,Caledonian,10.0,Na2O,mean,True
41168,natural_neighbor,,Caledonian,10.0,K2O,mean,True
41169,natural_neighbor,,Caledonian,10.0,P2O5,mean,True
41170,natural_neighbor,,Caledonian,10.0,CO2,mean,True
41171,natural_neighbor,,Caledonian,10.0,SO3,mean,True
41172,natural_neighbor,,Caledonian,10.0,F,mean,True
41173,natural_neighbor,,Caledonian,10.0,LOI,mean,True
41174,natural_neighbor,,Caledonian,10.0,La,mean,True
41175,natural_neighbor,,Caledonian,10.0,Ce,mean,True
41176,natural_neighbor,,Caledonian,10.0,Pr,mean,True
41177,natural_neighbor,,Caledonian,10.0,Nd,mean,True
41178,natural_neighbor,,Caledonian,10.0,Sm,mean,True
41179,natural_neighbor,,Caledonian,10.0,Eu,mean,True
41180,natural_neighbor,,Caledonian,10.0,Gd,mean,True
41181,natural_neighbor,,Caledonian,10.0,Tb,mean,True
41182,natural_neighbor,,Caledonian,10.0,Dy,mean,True
41183,natural_neighbor,,Caledonian,10.0,Ho,mean,True
41184,natural_neighbor,,Caledonian,10.0,Er,mean,True
41185,natural_neighbor,,Caledonian,10.0,Tm,mean,True
41186,natural_neighbor,,Caledonian,10.0,Yb,mean,True
41187,natural_neighbor,,Caledonian,10.0,Lu,mean,True
41188,natural_neighbor,,Caledonian,10.0,Y,mean,True
41189,natural_neighbor,,Caledonian,10.0,Sc,mean,True
41190,natural_neighbor,,Caledonian,10.0,V,mean,True
41191,natural_neighbor,,Caledonian,10.0,Cr,mean,True
41192,natural_neighbor,,Caledonian,10.0,Co,mean,True
41193,natural_neighbor,,Caledonian,10.0,Ni,mean,True
41194,natural_neighbor,,Caledonian,10.0,Mn,mean,True
41195,natural_neighbor,,Caledonian,10.0,Cu,mean,True
41196,natural_neighbor,,Caledonian,10.0,Zn,mean,True
41197,natural_neighbor,,Caledonian,10.0,Ga,mean,True
41198,natural_neighbor,,Caledonian,10.0,Ge,mean,True
41199,natural_neighbor,,Caledonian,10.0,Cs,mean,True
41200,natural_neighbor,,Caledonian,10.0,Rb,mean,True
41201,natural_neighbor,,Caledonian,10.0,Ba,mean,True
41202,natural_neighbor,,Caledonian,10.0,Th,mean,True
41203,natural_neighbor,,Caledonian,10.0,U,mean,True
41204,natural_neighbor,,Caledonian,10.0,Nb,mean,True
41205,natural_neighbor,,Caledonian,10.0,Ta,mean,True
41206,natural_neighbor,,Caledonian,10.0,Ti,mean,True
41207,natural_neighbor,,Caledonian,10.0,Pb,mean,True
41208,natural_neighbor,,Caledonian,10.0,Sr,mean,True
41209,natural_neighbor,,Caledonian,10.0,Zr,mean,True
41210,natural_neighbor,,Caledonian,10.0,Hf,mean,True
41211,natural_neighbor,,Caledonian,10.0,Li,mean,True
41212,natural_neighbor,,Caledonian,10.0,Be,mean,True
41213,natural_neighbor,,Caledonian,10.0,W,mean,True
41214,natural_neighbor,,Caledonian,10.0,Pt,mean,True
41215,natural_neighbor,,Caledonian,10.0,Os,mean,True
41216,natural_neighbor,,Caledonian,10.0,Ir,mean,True
41217,natural_neighbor,,Caledonian,10.0,Ru,mean,True
41218,natural_neighbor,,Caledonian,10.0,Rh,mean,True
41219,natural_neighbor,,Caledonian,10.0,Sn,mean,True
41220,natural_neighbor,,Caledonian,10.0,Mo,mean,True
41221,natural_neighbor,,Caledonian,10.0,87Sr/86Sr(m),mean,True
41222,natural_neighbor,,Caledonian,10.0,143Nd/144Nd(m),mean,True
41225,natural_neighbor,,Caledonian,10.0,206Pb/204Pb(m),mean,True
